Espécie,Sexo,Localidade,Latitude,Longitude,Ambiente,Mês,Armadilha,Data da captura,Hora de captura,Temperatura (°C),Umidade (%),Local de pouso,Coletadores,Estação
Tabanus occidentalis,F,P1 - Argeu,10°28’26.9”S ,63°15’18.1”W,Mata beira do rio,Agosto,Cavalo com puçá,2019-08-16,09:30:00,28.7,49,6 E,MARLON,Seca
Tabanus occidentalis var. dorsovittatus,F,P1 - Argeu,10°28’26.9”S ,63°15’18.1”W,Mata beira do rio,Agosto,Cavalo com puçá,2019-08-16,09:39:00,29,49,6 E,MARLON,Seca
Stypommisa aripuana,F,P1 - Argeu,10°28’26.9”S ,63°15’18.1”W,Mata beira do rio,Agosto,Cavalo com puçá,2019-08-16,09:47:00,29.1,49,7 E,MARLON,Seca
Tabanus occidentalis var. modestus,F,P1 - Argeu,10°28’26.9”S ,63°15’18.1”W,Mata beira do rio,Agosto,Cavalo com puçá,2019-08-16,10:39:00,29.4,49,6 D,TALLITA,Seca
Tabanus dorsorufus,F,P1 - Argeu,10°28’26.9”S ,63°15’18.1”W,Mata beira do rio,Agosto,Cavalo com puçá,2019-08-16,10:54:00,29.1,49,7 D,TALLITA,Seca
Stypommisa aripuana,F,P1 - Argeu,10°28’26.9”S ,63°15’18.1”W,Mata beira do rio,Agosto,Cavalo com puçá,2019-08-16,11:15:00,29,50,6 E,MARLON,Seca
Stypommisa aripuana,F,P1 - Argeu,10°28’26.9”S ,63°15’18.1”W,Mata beira do rio,Agosto,Cavalo com puçá,2019-08-16,11:42:00,29.5,50,6 D,MARLON,Seca
Stypommisa aripuana,F,P1 - Argeu,10°28’26.9”S ,63°15’18.1”W,Mata beira do rio,Agosto,Cavalo com puçá,2019-08-16,11:49:00,29.7,50,6 E,MARLON,Seca
Stypommisa aripuana,F,P1 - Argeu,10°28’26.9”S ,63°15’18.1”W,Mata beira do rio,Agosto,Cavalo com puçá,2019-08-16,12:04:00,29.9,48,7 D,MARLON,Seca
Stypommisa aripuana,F,P1 - Argeu,10°28’26.9”S ,63°15’18.1”W,Mata beira do rio,Agosto,Cavalo com puçá,2019-08-16,12:16:00,29.9,43,6 D,MARLON,Seca
Stypommisa aripuana,F,P1 - Argeu,10°28’26.9”S ,63°15’18.1”W,Mata beira do rio,Agosto,Cavalo com puçá,2019-08-16,12:35:00,30.1,43,7 E,TALLITA,Seca
Stypommisa aripuana,F,P1 - Argeu,10°28’26.9”S ,63°15’18.1”W,Mata beira do rio,Agosto,Cavalo com puçá,2019-08-16,12:52:00,30.3,47,12 D,TALLITA,Seca
Tabanus ?fuscofasciatus,F,P1 - Argeu,10°28’26.9”S ,63°15’18.1”W,Mata beira do rio,Agosto,Cavalo com puçá,2019-08-16,13:10:00,30.6,47,6 D,MARLON,Seca
Stypommisa aripuana,F,P1 - Argeu,10°28’26.9”S ,63°15’18.1”W,Mata beira do rio,Agosto,Cavalo com puçá,2019-08-16,13:13:00,30.9,44,6 D,MARLON,Seca
Stypommisa aripuana,F,P1 - Argeu,10°28’26.9”S ,63°15’18.1”W,Mata beira do rio,Agosto,Cavalo com puçá,2019-08-16,13:26:00,31.2,43,12 E,MARLON,Seca
Stypommisa aripuana,F,P1 - Argeu,10°28’26.9”S ,63°15’18.1”W,Mata beira do rio,Agosto,Cavalo com puçá,2019-08-16,13:36:00,31.3,44,12 E,MARLON,Seca
Stypommisa aripuana,F,P1 - Argeu,10°28’26.9”S ,63°15’18.1”W,Mata beira do rio,Agosto,Cavalo com puçá,2019-08-16,13:40:00,31.3,44,8 D,MARLON,Seca
Stypommisa aripuana,F,P1 - Argeu,10°28’26.9”S ,63°15’18.1”W,Mata beira do rio,Agosto,Cavalo com puçá,2019-08-16,13:45:00,31.7,42,12 E,MARLON,Seca
Stypommisa aripuana,F,P1 - Argeu,10°28’26.9”S ,63°15’18.1”W,Mata beira do rio,Agosto,Cavalo com puçá,2019-08-16,13:48:00,31.7,42,8 E,MARLON,Seca
Stypommisa aripuana,F,P1 - Argeu,10°28’26.9”S ,63°15’18.1”W,Mata beira do rio,Agosto,Cavalo com puçá,2019-08-16,14:13:00,32.2,44,7 E,TALLITA,Seca
Stypommisa aripuana,F,P1 - Argeu,10°28’26.9”S ,63°15’18.1”W,Mata beira do rio,Agosto,Cavalo com puçá,2019-08-16,14:23:00,32.4,43,12 3,MARLON,Seca
Stypommisa aripuana,F,P1 - Argeu,10°28’26.9”S ,63°15’18.1”W,Mata beira do rio,Agosto,Cavalo com puçá,2019-08-16,15:05:00,32.3,43,20,MARLON,Seca
Stypommisa aripuana,F,P1 - Argeu,10°28’26.9”S ,63°15’18.1”W,Mata beira do rio,Agosto,Cavalo com puçá,2019-08-16,15:20:00,32.3,48,6 D,MARLON,Seca
Stypommisa aripuana,F,P1 - Argeu,10°28’26.9”S ,63°15’18.1”W,Mata beira do rio,Agosto,Cavalo com puçá,2019-08-16,15:45:00,31.9,54,6 D,MARLON,Seca
Stypommisa aripuana,F,P1 - Argeu,10°28’26.9”S ,63°15’18.1”W,Mata beira do rio,Agosto,Cavalo com puçá,2019-08-16,16:10:00,31.3,54,7 D,TALLITA,Seca
Stypommisa aripuana,F,P1 - Argeu,10°28’26.9”S ,63°15’18.1”W,Mata beira do rio,Agosto,Cavalo com puçá,2019-08-16,16:12:00,31.1,54,6 E,TALLITA,Seca
Stypommisa aripuana,F,P1 - Argeu,10°28’26.9”S ,63°15’18.1”W,Mata beira do rio,Agosto,Cavalo com puçá,2019-08-16,16:14:00,31.1,57,12 E,TALLITA,Seca
Stypommisa aripuana,F,P1 - Argeu,10°28’26.9”S ,63°15’18.1”W,Mata beira do rio,Agosto,Cavalo com puçá,2019-08-16,16:30:00,30.6,59,14,TALLITA,Seca
Stypommisa aripuana,F,P1 - Argeu,10°28’26.9”S ,63°15’18.1”W,Mata beira do rio,Agosto,Cavalo com puçá,2019-08-16,16:31:00,30.6,59,7 E,TALLITA,Seca
Stypommisa aripuana,F,P1 - Argeu,10°28’26.9”S ,63°15’18.1”W,Mata beira do rio,Agosto,Cavalo com puçá,2019-08-16,16:32:00,30.4,59,6 E,TALLITA,Seca
Tabanus occidentalis,F,P1 - Argeu,10°28’26.9”S ,63°15’18.1”W,Mata beira do rio,Agosto,Cavalo com puçá,2019-08-16,16:40:00,30.2,60,6 E,TALLITA,Seca
Stypommisa aripuana,F,P1 - Argeu,10°28’26.9”S ,63°15’18.1”W,Mata beira do rio,Agosto,Cavalo com puçá,2019-08-16,16:41:00,30.2,60,7 E,TALLITA,Seca
Stypommisa aripuana,F,P1 - Argeu,10°28’26.9”S ,63°15’18.1”W,Mata beira do rio,Agosto,Cavalo com puçá,2019-08-16,16:44:00,30.2,60,6 D,TALLITA,Seca
Leucotabanus exaestuans,F,P1 - Argeu,10°28’26.9”S ,63°15’18.1”W,Mata beira do rio,Agosto,Cavalo com puçá,2019-08-16,17:23:00,29.1,64,11 D,TALLITA,Seca
Stypommisa aripuana,F,P1 - Argeu,10°28’26.9”S ,63°15’18.1”W,Mata beira do rio,Agosto,Cavalo com puçá,2019-08-16,17:37:00,28.3,69,6 D,MARLON,Seca
Leucotabanus exaestuans,F,P1 - Argeu,10°28’26.9”S ,63°15’18.1”W,Mata beira do rio,Agosto,Cavalo com puçá,2019-08-16,17:41:00,28.1,69,2 D,MARLON,Seca
Tabanus antarcticus,F,P1 - Argeu,10°28’26.9”S ,63°15’18.1”W,Mata beira do rio,Agosto,Cavalo com puçá,2019-08-16,17:51:00,27.1,69,6 D,MARLON,Seca
Tabanus occidentalis var. modestus,F,P1 - Argeu,10°28’26.9”S ,63°15’18.1”W,Mata beira do rio,Agosto,Cavalo com puçá,2019-08-17,08:59:00,26.6,87,6 E,MARLON,Seca
Tabanus macquarti,F,P1 - Argeu,10°28’26.9”S ,63°15’18.1”W,Mata beira do rio,Agosto,Cavalo com puçá,2019-08-17,09:08:00,23.9,86,20 D,TALLITA,Seca
Tabanus occidentalis var. modestus,F,P1 - Argeu,10°28’26.9”S ,63°15’18.1”W,Mata beira do rio,Agosto,Cavalo com puçá,2019-08-17,09:48:00,26.2,73,6 D,TALLITA,Seca
Tabanus occidentalis var. modestus,F,P1 - Argeu,10°28’26.9”S ,63°15’18.1”W,Mata beira do rio,Agosto,Cavalo com puçá,2019-08-17,09:49:00,26.2,73,11 D,TALLITA,Seca
Tabanus ?fuscofasciatus,F,P1 - Argeu,10°28’26.9”S ,63°15’18.1”W,Mata beira do rio,Agosto,Cavalo com puçá,2019-08-17,09:50:00,26.2,73,7 D,TALLITA,Seca
Tabanus nebulosus,F,P1 - Argeu,10°28’26.9”S ,63°15’18.1”W,Mata beira do rio,Agosto,Cavalo com puçá,2019-08-17,10:36:00,28.3,67,6 D,MARLON,Seca
Stypommisa aripuana,F,P1 - Argeu,10°28’26.9”S ,63°15’18.1”W,Mata beira do rio,Agosto,Cavalo com puçá,2019-08-17,10:43:00,29.5,58,7 D,MARLON,Seca
Stypommisa aripuana,F,P1 - Argeu,10°28’26.9”S ,63°15’18.1”W,Mata beira do rio,Agosto,Cavalo com puçá,2019-08-17,10:47:00,29.3,57,20,MARLON,Seca
Stenotabanus incipiens,F,P1 - Argeu,10°28’26.9”S ,63°15’18.1”W,Mata beira do rio,Agosto,Cavalo com puçá,2019-08-17,11:00:00,30.3,53,6 D,TALLITA,Seca
Chrysops varians,F,P1 - Argeu,10°28’26.9”S ,63°15’18.1”W,Mata beira do rio,Agosto,Cavalo com puçá,2019-08-17,11:00:00,30.8,53,1 D,TALLITA,Seca
Stypommisa aripuana,F,P1 - Argeu,10°28’26.9”S ,63°15’18.1”W,Mata beira do rio,Agosto,Cavalo com puçá,2019-08-17,11:30:00,31,49,4 D,TALLITA,Seca
Stypommisa aripuana,F,P1 - Argeu,10°28’26.9”S ,63°15’18.1”W,Mata beira do rio,Agosto,Cavalo com puçá,2019-08-17,11:41:00,31.2,59,4 E,TALLITA,Seca
Tabanus mucronatus,F,P1 - Argeu,10°28’26.9”S ,63°15’18.1”W,Mata beira do rio,Agosto,Cavalo com puçá,2019-08-17,11:42:00,31.2,52,12 E,TALLITA,Seca
Tabanus occidentalis var. dorsovittatus,F,P1 - Argeu,10°28’26.9”S ,63°15’18.1”W,Mata beira do rio,Agosto,Cavalo com puçá,2019-08-17,11:44:00,31.2,52,12 D,TALLITA,Seca
Stypommisa aripuana,F,P1 - Argeu,10°28’26.9”S ,63°15’18.1”W,Mata beira do rio,Agosto,Cavalo com puçá,2019-08-17,12:24:00,31.8,49,4 D,MARLON,Seca
Stypommisa aripuana,F,P1 - Argeu,10°28’26.9”S ,63°15’18.1”W,Mata beira do rio,Agosto,Cavalo com puçá,2019-08-17,12:28:00,31.1,48,20,MARLON,Seca
Tabanus rondoniensis sp.n.,F,P1 - Argeu,10°28’26.9”S ,63°15’18.1”W,Mata beira do rio,Agosto,Cavalo com puçá,2019-08-17,12:38:00,31.7,47,20,MARLON,Seca
Stypommisa aripuana,F,P1 - Argeu,10°28’26.9”S ,63°15’18.1”W,Mata beira do rio,Agosto,Cavalo com puçá,2019-08-17,12:45:00,32.4,45,4 D,MARLON,Seca
Stypommisa aripuana,F,P1 - Argeu,10°28’26.9”S ,63°15’18.1”W,Mata beira do rio,Agosto,Cavalo com puçá,2019-08-17,12:52:00,32.3,48,4 D,MARLON,Seca
Stypommisa aripuana,F,P1 - Argeu,10°28’26.9”S ,63°15’18.1”W,Mata beira do rio,Agosto,Cavalo com puçá,2019-08-17,13:12:00,32.6,45,14,TALLITA,Seca
Stypommisa aripuana,F,P1 - Argeu,10°28’26.9”S ,63°15’18.1”W,Mata beira do rio,Agosto,Cavalo com puçá,2019-08-17,13:19:00,32.5,46,4 D,TALLITA,Seca
Stypommisa aripuana,F,P1 - Argeu,10°28’26.9”S ,63°15’18.1”W,Mata beira do rio,Agosto,Cavalo com puçá,2019-08-17,13:21:00,32.5,47,4 D,TALLITA,Seca
Stypommisa aripuana,F,P1 - Argeu,10°28’26.9”S ,63°15’18.1”W,Mata beira do rio,Agosto,Cavalo com puçá,2019-08-17,13:27:00,32.6,47,20,TALLITA,Seca
Stypommisa aripuana,F,P1 - Argeu,10°28’26.9”S ,63°15’18.1”W,Mata beira do rio,Agosto,Cavalo com puçá,2019-08-17,13:28:00,32.4,48,12 C,TALLITA,Seca
Stypommisa aripuana,F,P1 - Argeu,10°28’26.9”S ,63°15’18.1”W,Mata beira do rio,Agosto,Cavalo com puçá,2019-08-17,13:29:00,32.4,48,4D,TALLITA,Seca
Stypommisa aripuana,F,P1 - Argeu,10°28’26.9”S ,63°15’18.1”W,Mata beira do rio,Agosto,Cavalo com puçá,2019-08-17,13:30:00,32.4,49,4D,TALLITA,Seca
Stypommisa aripuana,F,P1 - Argeu,10°28’26.9”S ,63°15’18.1”W,Mata beira do rio,Agosto,Cavalo com puçá,2019-08-17,13:47:00,32.4,47,4 D,TALLITA,Seca
Stypommisa aripuana,F,P1 - Argeu,10°28’26.9”S ,63°15’18.1”W,Mata beira do rio,Agosto,Cavalo com puçá,2019-08-17,13:59:00,32.6,48,11 C,TALLITA,Seca
Stypommisa aripuana,F,P1 - Argeu,10°28’26.9”S ,63°15’18.1”W,Mata beira do rio,Agosto,Cavalo com puçá,2019-08-17,14:09:00,31.7,47,8 D,MARLON,Seca
Stypommisa aripuana,F,P1 - Argeu,10°28’26.9”S ,63°15’18.1”W,Mata beira do rio,Agosto,Cavalo com puçá,2019-08-17,14:12:00,32.2,46,20 C,MARLON,Seca
Tabanus restrepoensis,F,P1 - Argeu,10°28’26.9”S ,63°15’18.1”W,Mata beira do rio,Agosto,Cavalo com puçá,2019-08-17,14:17:00,32.6,45,4 D,MARLON,Seca
Stypommisa aripuana,F,P1 - Argeu,10°28’26.9”S ,63°15’18.1”W,Mata beira do rio,Agosto,Cavalo com puçá,2019-08-17,14:20:00,32.7,41,14,MARLON,Seca
Stypommisa aripuana,F,P1 - Argeu,10°28’26.9”S ,63°15’18.1”W,Mata beira do rio,Agosto,Cavalo com puçá,2019-08-17,14:32:00,33.1,41,4 D,MARLON,Seca
Stypommisa aripuana,F,P1 - Argeu,10°28’26.9”S ,63°15’18.1”W,Mata beira do rio,Agosto,Cavalo com puçá,2019-08-17,14:50:00,33.1,48,20,MARLON,Seca
Stypommisa aripuana,F,P1 - Argeu,10°28’26.9”S ,63°15’18.1”W,Mata beira do rio,Agosto,Cavalo com puçá,2019-08-17,15:00:00,32.3,48,12 E,MARLON,Seca
Stypommisa aripuana,F,P1 - Argeu,10°28’26.9”S ,63°15’18.1”W,Mata beira do rio,Agosto,Cavalo com puçá,2019-08-17,15:01:00,32.3,48,8 D,TALLITA,Seca
Stypommisa aripuana,F,P1 - Argeu,10°28’26.9”S ,63°15’18.1”W,Mata beira do rio,Agosto,Cavalo com puçá,2019-08-17,15:10:00,32.6,48,12 D,TALLITA,Seca
Stypommisa aripuana,F,P1 - Argeu,10°28’26.9”S ,63°15’18.1”W,Mata beira do rio,Agosto,Cavalo com puçá,2019-08-17,15:12:00,32.7,45,6 D,TALLITA,Seca
Stypommisa aripuana,F,P1 - Argeu,10°28’26.9”S ,63°15’18.1”W,Mata beira do rio,Agosto,Cavalo com puçá,2019-08-17,15:18:00,32.4,48,12 D,TALLITA,Seca
Stypommisa aripuana,F,P1 - Argeu,10°28’26.9”S ,63°15’18.1”W,Mata beira do rio,Agosto,Cavalo com puçá,2019-08-17,15:18:00,32.4,48,12 D,TALLITA,Seca
Stypommisa aripuana,F,P1 - Argeu,10°28’26.9”S ,63°15’18.1”W,Mata beira do rio,Agosto,Cavalo com puçá,2019-08-17,15:23:00,32.6,49,12 D,TALLITA,Seca
Stypommisa aripuana,F,P1 - Argeu,10°28’26.9”S ,63°15’18.1”W,Mata beira do rio,Agosto,Cavalo com puçá,2019-08-17,15:30:00,32.6,49,12 D,TALLITA,Seca
Tabanus occidentalis var. dorsovittatus,F,P1 - Argeu,10°28’26.9”S ,63°15’18.1”W,Mata beira do rio,Agosto,Cavalo com puçá,2019-08-17,15:50:00,30.5,64,6 D,TALLITA,Seca
Stypommisa aripuana,F,P1 - Argeu,10°28’26.9”S ,63°15’18.1”W,Mata beira do rio,Agosto,Cavalo com puçá,2019-08-17,16:00:00,30.3,66,11 D,TALLITA,Seca
Stypommisa aripuana,F,P1 - Argeu,10°28’26.9”S ,63°15’18.1”W,Mata beira do rio,Agosto,Cavalo com puçá,2019-08-17,16:05:00,30.1,67,8 E,MARLON,Seca
Stypommisa aripuana,F,P1 - Argeu,10°28’26.9”S ,63°15’18.1”W,Mata beira do rio,Agosto,Cavalo com puçá,2019-08-17,16:12:00,29.8,69,6 D,MARLON,Seca
Stypommisa aripuana,F,P1 - Argeu,10°28’26.9”S ,63°15’18.1”W,Mata beira do rio,Agosto,Cavalo com puçá,2019-08-17,16:19:00,29.6,70,6 E,MARLON,Seca
Stypommisa aripuana,F,P1 - Argeu,10°28’26.9”S ,63°15’18.1”W,Mata beira do rio,Agosto,Cavalo com puçá,2019-08-17,16:52:00,29.3,72,7 D,MARLON,Seca
Stypommisa aripuana,F,P1 - Argeu,10°28’26.9”S ,63°15’18.1”W,Mata beira do rio,Agosto,Cavalo com puçá,2019-08-17,17:04:00,29.3,72,11 D,TALLITA,Seca
Stypommisa aripuana,F,P1 - Argeu,10°28’26.9”S ,63°15’18.1”W,Mata beira do rio,Agosto,Cavalo com puçá,2019-08-17,17:29:00,28.5,77,6 D,TALLITA,Seca
Stypommisa aripuana,F,P1 - Argeu,10°28’26.9”S ,63°15’18.1”W,Mata beira do rio,Agosto,Cavalo com puçá,2019-08-17,17:34:00,28.5,77,7 D,TALLITA,Seca
Tabanus occidentalis,F,P5-Neucivaldo,10°06’21.4”S ,63°16’55.7”W,Mata beira do rio,Agosto,Cavalo com puçá,2019-07-19,06:13:00,23.7,88,6 D,TALLITA,Seca
Tabanus sorbillans,F,P5-Neucivaldo,10°06’21.4”S ,63°16’55.7”W,Mata beira do rio,Agosto,Cavalo com puçá,2019-07-19,06:15:00,23.7,88,6 E,TALLITA,Seca
Tabanus occidentalis,F,P5-Neucivaldo,10°06’21.4”S ,63°16’55.7”W,Mata beira do rio,Agosto,Cavalo com puçá,2019-07-19,06:52:00,22.3,99,7 D,TALLITA,Seca
Chrysops variegatus,F,P5-Neucivaldo,10°06’21.4”S ,63°16’55.7”W,Mata beira do rio,Agosto,Cavalo com puçá,2019-07-19,07:06:00,22.4,98,1 E,TALLITA,Seca
Tabanus occidentalis,F,P5-Neucivaldo,10°06’21.4”S ,63°16’55.7”W,Mata beira do rio,Agosto,Cavalo com puçá,2019-07-19,07:46:00,22.9,99,6 D,TALLITA,Seca
Tabanus occidentalis,F,P5-Neucivaldo,10°06’21.4”S ,63°16’55.7”W,Mata beira do rio,Agosto,Cavalo com puçá,2019-07-19,10:40:00,26,92,6 D,TALLITA,Seca
Tabanus pungens,F,P5-Neucivaldo,10°06’21.4”S ,63°16’55.7”W,Mata beira do rio,Agosto,Cavalo com puçá,2019-07-19,10:44:00,26,91,6 E,TALLITA,Seca
Tabanus occidentalis var. modestus,F,P5-Neucivaldo,10°06’21.4”S ,63°16’55.7”W,Mata beira do rio,Agosto,Cavalo com puçá,2019-07-19,12:24:00,26.8,89,6 D,TALLITA,Seca
Tabanus antarcticus,F,P5-Neucivaldo,10°06’21.4”S ,63°16’55.7”W,Mata beira do rio,Agosto,Cavalo com puçá,2019-07-19,12:36:00,26.6,89,7 D,TALLITA,Seca
Tabanus occidentalis var. modestus,F,P5-Neucivaldo,10°06’21.4”S ,63°16’55.7”W,Mata beira do rio,Agosto,Cavalo com puçá,2019-07-19,14:44:00,26.8,84,6 E,MARLON,Seca
Tabanus occidentalis var. modestus,F,P5-Neucivaldo,10°06’21.4”S ,63°16’55.7”W,Mata beira do rio,Agosto,Cavalo com puçá,2019-07-19,14:46:00,26.8,83,6 E,MARLON,Seca
Stypommisa aripuana,F,P5-Neucivaldo,10°06’21.4”S ,63°16’55.7”W,Mata beira do rio,Agosto,Cavalo com puçá,2019-07-19,14:50:00,26.7,86,16 E,MARLON,Seca
Tabanus occidentalis,F,P5-Neucivaldo,10°06’21.4”S ,63°16’55.7”W,Mata beira do rio,Agosto,Cavalo com puçá,2019-07-19,14:59:00,26.8,81,18 E,MARLON,Seca
Stypommisa aripuana,F,P5-Neucivaldo,10°06’21.4”S ,63°16’55.7”W,Mata beira do rio,Agosto,Cavalo com puçá,2019-07-19,15:03:00,26.8,81,6 E,MARLON,Seca
Tabanus occidentalis,F,P5-Neucivaldo,10°06’21.4”S ,63°16’55.7”W,Mata beira do rio,Agosto,Cavalo com puçá,2019-07-19,15:08:00,27.1,81,6 D,MARLON,Seca
Stypommisa aripuana,F,P5-Neucivaldo,10°06’21.4”S ,63°16’55.7”W,Mata beira do rio,Agosto,Cavalo com puçá,2019-07-19,15:29:00,29,72,17 E,MARLON,Seca
Tabanus occidentalis,F,P5-Neucivaldo,10°06’21.4”S ,63°16’55.7”W,Mata beira do rio,Agosto,Cavalo com puçá,2019-07-19,15:32:00,29.1,75,18 E,MARLON,Seca
Tabanus occidentalis var. dorsovittatus,F,P5-Neucivaldo,10°06’21.4”S ,63°16’55.7”W,Mata beira do rio,Agosto,Cavalo com puçá,2019-07-19,15:40:00,28.7,74,16 D,MARLON,Seca
Tabanus occidentalis var. modestus,F,P5-Neucivaldo,10°06’21.4”S ,63°16’55.7”W,Mata beira do rio,Agosto,Cavalo com puçá,2019-07-19,16:20:00,28,80,6 D,MARLON,Seca
Stypommisa aripuana,F,P5-Neucivaldo,10°06’21.4”S ,63°16’55.7”W,Mata beira do rio,Agosto,Cavalo com puçá,2019-07-19,16:30:00,28.1,79,6 E,TALLITA,Seca
Tabanus antarcticus,F,P5-Neucivaldo,10°06’21.4”S ,63°16’55.7”W,Mata beira do rio,Agosto,Cavalo com puçá,2019-07-19,16:47:00,27.9,81,6 D,TALLITA,Seca
Stypommisa aripuana,F,P5-Neucivaldo,10°06’21.4”S ,63°16’55.7”W,Mata beira do rio,Agosto,Cavalo com puçá,2019-07-19,17:27:00,27,82,6 E,TALLITA,Seca
Chrysops varians,F,P5-Neucivaldo,10°06’21.4”S ,63°16’55.7”W,Mata beira do rio,Agosto,Cavalo com puçá,2019-07-19,17:33:00,26.9,84,1 C,TALLITA,Seca
Tabanus antarcticus,F,P5-Neucivaldo,10°06’21.4”S ,63°16’55.7”W,Mata beira do rio,Agosto,Cavalo com puçá,2019-07-20,07:30:00,22.1,98,7 D,MARLON,Seca
Tabanus occidentalis,F,P5-Neucivaldo,10°06’21.4”S ,63°16’55.7”W,Mata beira do rio,Agosto,Cavalo com puçá,2019-07-20,09:41:00,24.2,92,6 E,MARLON,Seca
Tabanus occidentalis var. modestus,F,P5-Neucivaldo,10°06’21.4”S ,63°16’55.7”W,Mata beira do rio,Agosto,Cavalo com puçá,2019-07-20,10:43:00,26.3,85,16 E,TALLITA,Seca
Tabanus occidentalis var. modestus,F,P5-Neucivaldo,10°06’21.4”S ,63°16’55.7”W,Mata beira do rio,Agosto,Cavalo com puçá,2019-07-20,11:17:00,29.6,68,18 D,TALLITA,Seca
Stypommisa aripuana,F,P5-Neucivaldo,10°06’21.4”S ,63°16’55.7”W,Mata beira do rio,Agosto,Cavalo com puçá,2019-07-20,11:22:00,31.6,59,18 D,TALLITA,Seca
Tabanus occidentalis var. dorsovittatus,F,P5-Neucivaldo,10°06’21.4”S ,63°16’55.7”W,Mata beira do rio,Agosto,Cavalo com puçá,2019-07-20,11:33:00,31.1,61,16 D,MARLON,Seca
Stypommisa aripuana,F,P5-Neucivaldo,10°06’21.4”S ,63°16’55.7”W,Mata beira do rio,Agosto,Cavalo com puçá,2019-07-20,12:20:00,31.6,53,18 E,MARLON,Seca
Tabanus occidentalis var. dorsovittatus,F,P5-Neucivaldo,10°06’21.4”S ,63°16’55.7”W,Mata beira do rio,Agosto,Cavalo com puçá,2019-07-20,12:46:00,30.9,66,18 E,MARLON,Seca
Stypommisa aripuana,F,P5-Neucivaldo,10°06’21.4”S ,63°16’55.7”W,Mata beira do rio,Agosto,Cavalo com puçá,2019-07-20,13:05:00,33.2,54,6 D,TALLITA,Seca
Stypommisa aripuana,F,P5-Neucivaldo,10°06’21.4”S ,63°16’55.7”W,Mata beira do rio,Agosto,Cavalo com puçá,2019-07-20,13:24:00,34,45,7 D,MARLON,Seca
Tabanus humboldti,F,P5-Neucivaldo,10°06’21.4”S ,63°16’55.7”W,Mata beira do rio,Agosto,Cavalo com puçá,2019-07-20,14:50:00,32.2,43,7 E,MARLON,Seca
Stypommisa aripuana,F,P5-Neucivaldo,10°06’21.4”S ,63°16’55.7”W,Mata beira do rio,Agosto,Cavalo com puçá,2019-07-20,15:16:00,31.9,57,18 E,MARLON,Seca
Tabanus occidentalis var. modestus,F,P5-Neucivaldo,10°06’21.4”S ,63°16’55.7”W,Mata beira do rio,Agosto,Cavalo com puçá,2019-07-20,16:10:00,31.5,58,7 E,MARLON,Seca
Tabanus occidentalis,F,P5-Neucivaldo,10°06’21.4”S ,63°16’55.7”W,Mata beira do rio,Agosto,Cavalo com puçá,2019-07-20,17:26:00,28.8,70,7 D,TALLITA,Seca
Tabanus occidentalis,F,P5-Neucivaldo,10°06’21.4”S ,63°16’55.7”W,Mata beira do rio,Agosto,Cavalo com puçá,2019-07-20,17:27:00,28.8,72,7 E,TALLITA,Seca
Tabanus occidentalis,F,P5-Neucivaldo,10°06’21.4”S ,63°16’55.7”W,Mata beira do rio,Agosto,Cavalo com puçá,2019-07-20,17:31:00,28.7,73,6 D,MARLON,Seca
Tabanus occidentalis,F,P5-Neucivaldo,10°06’21.4”S ,63°16’55.7”W,Mata beira do rio,Agosto,Cavalo com puçá,2019-07-20,17:32:00,28.7,73,6 D,MARLON,Seca
Tabanus occidentalis,F,P5-Neucivaldo,10°06’21.4”S ,63°16’55.7”W,Mata beira do rio,Agosto,Cavalo com puçá,2019-07-20,17:42:00,28.5,74,8 E,MARLON,Seca
Tabanus antarcticus,F,P5-Neucivaldo,10°06’21.4”S ,63°16’55.7”W,Mata beira do rio,Agosto,Cavalo com puçá,2019-07-20,17:44:00,28.5,74,8 E,MARLON,Seca
Tabanus occidentalis,F,P5-Neucivaldo,10°06’21.4”S ,63°16’55.7”W,Mata beira do rio,Agosto,Cavalo com puçá,2019-07-20,17:47:00,28.5,74,9 D,MARLON,Seca
Tabanus antarcticus,F,P5-Neucivaldo,10°06’21.4”S ,63°16’55.7”W,Mata beira do rio,Agosto,Cavalo com puçá,2019-07-20,17:56:00,28.2,74,9 D,TALLITA,Seca
Tabanus occidentalis,F,P5-Neucivaldo,10°06’21.4”S ,63°16’55.7”W,Mata beira do rio,Agosto,Cavalo com puçá,2019-07-20,17:57:00,28.2,74,6 E,TALLITA,Seca
Pityocera cervus,F,P5-Neucivaldo,10°06’21.4”S ,63°16’55.7”W,Mata beira do rio,Novembro,Cavalo com puçá,2019-11-22,06:35:00,24.5,95,9 D,TALLITA,Chuva
Philipotabanus pictus,F,P5-Neucivaldo,10°06’21.4”S ,63°16’55.7”W,Mata beira do rio,Novembro,Cavalo com puçá,2019-11-22,06:52:00,24.2,99,7 D,MARLON,Chuva
Philipotabanus pictus,F,P5-Neucivaldo,10°06’21.4”S ,63°16’55.7”W,Mata beira do rio,Novembro,Cavalo com puçá,2019-11-22,09:57:00,25,99,12,TALLITA,Chuva
Stenotabanus albilinearis,F,P5-Neucivaldo,10°06’21.4”S ,63°16’55.7”W,Mata beira do rio,Novembro,Cavalo com puçá,2019-11-22,10:30:00,26.2,97,6 E,MARLON,Chuva
Stenotabanus albilinearis,F,P5-Neucivaldo,10°06’21.4”S ,63°16’55.7”W,Mata beira do rio,Novembro,Cavalo com puçá,2019-11-22,12:40:00,27.5,87,6 D,MARLON,Chuva
Stenotabanus albilinearis,F,P5-Neucivaldo,10°06’21.4”S ,63°16’55.7”W,Mata beira do rio,Novembro,Cavalo com puçá,2019-11-22,13:04:00,27.7,88,7 E,TALLITA,Chuva
Tabanus mucronatus,F,P5-Neucivaldo,10°06’21.4”S ,63°16’55.7”W,Mata beira do rio,Novembro,Cavalo com puçá,2019-11-22,13:10:00,27.7,89,7 E,TALLITA,Chuva
Stenotabanus albilinearis,F,P5-Neucivaldo,10°06’21.4”S ,63°16’55.7”W,Mata beira do rio,Novembro,Cavalo com puçá,2019-11-22,13:21:00,27.4,86,6D,TALLITA,Chuva
Tabanus occidentalis var. dorsovittatus,F,P5-Neucivaldo,10°06’21.4”S ,63°16’55.7”W,Mata beira do rio,Novembro,Cavalo com puçá,2019-11-22,13:29:00,27.5,88,6 E,TALLITA,Chuva
Tabanus occidentalis,F,P5-Neucivaldo,10°06’21.4”S ,63°16’55.7”W,Mata beira do rio,Novembro,Cavalo com puçá,2019-11-22,13:38:00,27.3,88,6 D,TALLITA,Chuva
Tabanus mucronatus,F,P5-Neucivaldo,10°06’21.4”S ,63°16’55.7”W,Mata beira do rio,Novembro,Cavalo com puçá,2019-11-22,13:48:00,27.7,84,16 D,TALLITA,Chuva
Dichelacera tetradelta,F,P5-Neucivaldo,10°06’21.4”S ,63°16’55.7”W,Mata beira do rio,Novembro,Cavalo com puçá,2019-11-22,14:00:00,27.3,89,9 E,TALLITA,Chuva
Stenotabanus albilinearis,F,P5-Neucivaldo,10°06’21.4”S ,63°16’55.7”W,Mata beira do rio,Novembro,Cavalo com puçá,2019-11-22,14:03:00,27.2,88,6 D,TALLITA,Chuva
Tabanus mucronatus,F,P5-Neucivaldo,10°06’21.4”S ,63°16’55.7”W,Mata beira do rio,Novembro,Cavalo com puçá,2019-11-22,14:05:00,27.2,81,12,TALLITA,Chuva
Stenotabanus albilinearis,F,P5-Neucivaldo,10°06’21.4”S ,63°16’55.7”W,Mata beira do rio,Novembro,Cavalo com puçá,2019-11-22,14:12:00,27.3,82,6 E,TALLITA,Chuva
Tabanus mucronatus,F,P5-Neucivaldo,10°06’21.4”S ,63°16’55.7”W,Mata beira do rio,Novembro,Cavalo com puçá,2019-11-22,14:26:00,27.4,91,6D,TALLITA,Chuva
Leucotabanus exaestuans,F,P5-Neucivaldo,10°06’21.4”S ,63°16’55.7”W,Mata beira do rio,Novembro,Cavalo com puçá,2019-11-22,15:00:00,27.4,91,2 E,MARLON,Chuva
Tabanus occidentalis,F,P5-Neucivaldo,10°06’21.4”S ,63°16’55.7”W,Mata beira do rio,Novembro,Cavalo com puçá,2019-11-22,15:20:00,27.6,93,6 E,MARLON,Chuva
Tabanus occidentalis,F,P5-Neucivaldo,10°06’21.4”S ,63°16’55.7”W,Mata beira do rio,Novembro,Cavalo com puçá,2019-11-22,15:35:00,27.6,93,6 E,MARLON,Chuva
Tabanus antarcticus,F,P5-Neucivaldo,10°06’21.4”S ,63°16’55.7”W,Mata beira do rio,Novembro,Cavalo com puçá,2019-11-22,16:16:00,27.4,92,6 D,MARLON,Chuva
Tabanus antarcticus,F,P5-Neucivaldo,10°06’21.4”S ,63°16’55.7”W,Mata beira do rio,Novembro,Cavalo com puçá,2019-11-22,16:25:00,27.3,93,7 D,MARLON,Chuva
Tabanus antarcticus,F,P5-Neucivaldo,10°06’21.4”S ,63°16’55.7”W,Mata beira do rio,Novembro,Cavalo com puçá,2019-11-22,16:41:00,27,92,7 D,MARLON,Chuva
Tabanus mucronatus,F,P5-Neucivaldo,10°06’21.4”S ,63°16’55.7”W,Mata beira do rio,Novembro,Cavalo com puçá,2019-11-22,16:53:00,27,93,7 D,MARLON,Chuva
Tabanus antarcticus,F,P5-Neucivaldo,10°06’21.4”S ,63°16’55.7”W,Mata beira do rio,Novembro,Cavalo com puçá,2019-11-22,16:57:00,26.9,94,16 E,TALLITA,Chuva
Stenotabanus albilinearis,F,P5-Neucivaldo,10°06’21.4”S ,63°16’55.7”W,Mata beira do rio,Novembro,Cavalo com puçá,2019-11-22,16:59:00,26.9,94,18 E,TALLITA,Chuva
Tabanus antarcticus,F,P5-Neucivaldo,10°06’21.4”S ,63°16’55.7”W,Mata beira do rio,Novembro,Cavalo com puçá,2019-11-22,17:06:00,26.9,94,9 E,TALLITA,Chuva
Tabanus mucronatus,F,P5-Neucivaldo,10°06’21.4”S ,63°16’55.7”W,Mata beira do rio,Novembro,Cavalo com puçá,2019-11-22,17:10:00,26.8,95,4 D,MARLON,Chuva
Tabanus antarcticus,F,P5-Neucivaldo,10°06’21.4”S ,63°16’55.7”W,Mata beira do rio,Novembro,Cavalo com puçá,2019-11-22,17:24:00,26.7,96,9 E,TALLITA,Chuva
Tabanus antarcticus,F,P5-Neucivaldo,10°06’21.4”S ,63°16’55.7”W,Mata beira do rio,Novembro,Cavalo com puçá,2019-11-22,17:30:00,26.7,95,6 D,MARLON,Chuva
Tabanus antarcticus,F,P5-Neucivaldo,10°06’21.4”S ,63°16’55.7”W,Mata beira do rio,Novembro,Cavalo com puçá,2019-11-22,17:32:00,26.7,95,6 D,MARLON,Chuva
Tabanus antarcticus,F,P5-Neucivaldo,10°06’21.4”S ,63°16’55.7”W,Mata beira do rio,Novembro,Cavalo com puçá,2019-11-22,17:35:00,26.6,95,5 E,MARLON,Chuva
Tabanus antarcticus,F,P5-Neucivaldo,10°06’21.4”S ,63°16’55.7”W,Mata beira do rio,Novembro,Cavalo com puçá,2019-11-22,17:37:00,26.6,95,8 D,MARLON,Chuva
Tabanus antarcticus,F,P5-Neucivaldo,10°06’21.4”S ,63°16’55.7”W,Mata beira do rio,Novembro,Cavalo com puçá,2019-11-22,17:38:00,26.6,95,12 E,MARLON,Chuva
Leucotabanus exaestuans,F,P5-Neucivaldo,10°06’21.4”S ,63°16’55.7”W,Mata beira do rio,Novembro,Cavalo com puçá,2019-11-22,17:44:00,26.7,95,11 E,MARLON,Chuva
Tabanus antarcticus,F,P5-Neucivaldo,10°06’21.4”S ,63°16’55.7”W,Mata beira do rio,Novembro,Cavalo com puçá,2019-11-22,17:45:00,26.6,95,7 D,MARLON,Chuva
Tabanus antarcticus,F,P5-Neucivaldo,10°06’21.4”S ,63°16’55.7”W,Mata beira do rio,Novembro,Cavalo com puçá,2019-11-22,17:46:00,26.6,95,6 D,MARLON,Chuva
Tabanus antarcticus,F,P5-Neucivaldo,10°06’21.4”S ,63°16’55.7”W,Mata beira do rio,Novembro,Cavalo com puçá,2019-11-22,17:47:00,26.6,95,6 E,MARLON,Chuva
Tabanus antarcticus,F,P5-Neucivaldo,10°06’21.4”S ,63°16’55.7”W,Mata beira do rio,Novembro,Cavalo com puçá,2019-11-22,17:52:00,26.6,95,6 E,TALLITA,Chuva
Tabanus antarcticus,F,P5-Neucivaldo,10°06’21.4”S ,63°16’55.7”W,Mata beira do rio,Novembro,Cavalo com puçá,2019-11-22,17:52:00,26.6,95,7 E,TALLITA,Chuva
Tabanus antarcticus,F,P5-Neucivaldo,10°06’21.4”S ,63°16’55.7”W,Mata beira do rio,Novembro,Cavalo com puçá,2019-11-22,17:53:00,26.6,95,7 D,TALLITA,Chuva
Tabanus antarcticus,F,P5-Neucivaldo,10°06’21.4”S ,63°16’55.7”W,Mata beira do rio,Novembro,Cavalo com puçá,2019-11-22,17:54:00,26.6,95,7 E,TALLITA,Chuva
Tabanus antarcticus,F,P5-Neucivaldo,10°06’21.4”S ,63°16’55.7”W,Mata beira do rio,Novembro,Cavalo com puçá,2019-11-22,17:56:00,26.5,96,12 D,MARLON,Chuva
Tabanus mucronatus,F,P5-Neucivaldo,10°06’21.4”S ,63°16’55.7”W,Mata beira do rio,Novembro,Cavalo com puçá,2019-11-22,17:58:00,26.5,96,7 E,TALLITA,Chuva
Tabanus occidentalis,F,P5-Neucivaldo,10°06’21.4”S ,63°16’55.7”W,Mata beira do rio,Novembro,Cavalo com puçá,2019-11-23,08:24:00,24.6,99,7D,MARLON,Chuva
Stenotabanus albilinearis,F,P5-Neucivaldo,10°06’21.4”S ,63°16’55.7”W,Mata beira do rio,Novembro,Cavalo com puçá,2019-11-23,09:06:00,25.7,99,6E,MARLON,Chuva
Stenotabanus albilinearis,F,P5-Neucivaldo,10°06’21.4”S ,63°16’55.7”W,Mata beira do rio,Novembro,Cavalo com puçá,2019-11-23,10:30:00,26.3,99,6E,TALLITA,Chuva
Stenotabanus albilinearis,F,P5-Neucivaldo,10°06’21.4”S ,63°16’55.7”W,Mata beira do rio,Novembro,Cavalo com puçá,2019-11-23,10:40:00,26.5,95,6E,TALLITA,Chuva
Stypommisa modica,F,P5-Neucivaldo,10°06’21.4”S ,63°16’55.7”W,Mata beira do rio,Novembro,Cavalo com puçá,2019-11-23,11:32:00,27.7,94,18D,TALLITA,Chuva
Stenotabanus albilinearis,F,P5-Neucivaldo,10°06’21.4”S ,63°16’55.7”W,Mata beira do rio,Novembro,Cavalo com puçá,2019-11-23,11:38:00,27.6,89,6D,TALLITA,Chuva
Tabanus discifer,F,P5-Neucivaldo,10°06’21.4”S ,63°16’55.7”W,Mata beira do rio,Novembro,Cavalo com puçá,2019-11-23,13:17:00,27.7,93,6E,MARLON,Chuva
Tabanus occidentalis,F,P5-Neucivaldo,10°06’21.4”S ,63°16’55.7”W,Mata beira do rio,Novembro,Cavalo com puçá,2019-11-23,13:24:00,28.8,86,6D,MARLON,Chuva
Tabanus mucronatus,F,P5-Neucivaldo,10°06’21.4”S ,63°16’55.7”W,Mata beira do rio,Novembro,Cavalo com puçá,2019-11-23,13:45:00,28,85,4D,MARLON,Chuva
Tabanus antarcticus,F,P5-Neucivaldo,10°06’21.4”S ,63°16’55.7”W,Mata beira do rio,Novembro,Cavalo com puçá,2019-11-23,13:55:00,28,90,7D,MARLON,Chuva
Tabanus occidentalis var. modestus,F,P5-Neucivaldo,10°06’21.4”S ,63°16’55.7”W,Mata beira do rio,Novembro,Cavalo com puçá,2019-11-23,14:05:00,28.2,87,6E,MARLON,Chuva
Tabanus mucronatus,F,P5-Neucivaldo,10°06’21.4”S ,63°16’55.7”W,Mata beira do rio,Novembro,Cavalo com puçá,2019-11-23,17:45:00,24.9,99,12,MARLON,Chuva
Stypommisa captiroptera,F,P1 - Argeu,10°28’26.9”S ,63°15’18.1”W,Mata beira do rio,Novembro,Cavalo com puçá,2019-11-25,06:00:00,25,87,6D,MARLON,Chuva
Stypommisa apicalis,F,P1 - Argeu,10°28’26.9”S ,63°15’18.1”W,Mata beira do rio,Novembro,Cavalo com puçá,2019-11-25,06:10:00,24.1,90,9E,MARLON,Chuva
Leucotabanus pauculus,F,P1 - Argeu,10°28’26.9”S ,63°15’18.1”W,Mata beira do rio,Novembro,Cavalo com puçá,2019-11-25,06:13:00,24.1,90,6E,MARLON,Chuva
Pityocera cervus,F,P1 - Argeu,10°28’26.9”S ,63°15’18.1”W,Mata beira do rio,Novembro,Cavalo com puçá,2019-11-25,06:15:00,24.1,91,6E,TALLITA,Chuva
Dichelacera tetradelta,F,P1 - Argeu,10°28’26.9”S ,63°15’18.1”W,Mata beira do rio,Novembro,Cavalo com puçá,2019-11-25,06:38:00,23.9,99,7D,TALLITA,Chuva
Tabanus occidentalis,F,P1 - Argeu,10°28’26.9”S ,63°15’18.1”W,Mata beira do rio,Novembro,Cavalo com puçá,2019-11-25,07:22:00,25.1,96,6E,TALLITA,Chuva
Catachlorops difficilis,F,P1 - Argeu,10°28’26.9”S ,63°15’18.1”W,Mata beira do rio,Novembro,Cavalo com puçá,2019-11-25,07:25:00,25.2,96,8D,TALLITA,Chuva
Tabanus occiedntalis,F,P1 - Argeu,10°28’26.9”S ,63°15’18.1”W,Mata beira do rio,Novembro,Cavalo com puçá,2019-11-25,07:32:00,25.3,96,6D,TALLITA,Chuva
Tabanus occidentalis var.modestus,F,P1 - Argeu,10°28’26.9”S ,63°15’18.1”W,Mata beira do rio,Novembro,Cavalo com puçá,2019-11-25,07:46:00,25.6,95,9E,MARLON,Chuva
Tabanus occidentalis var.modestus,F,P1 - Argeu,10°28’26.9”S ,63°15’18.1”W,Mata beira do rio,Novembro,Cavalo com puçá,2019-11-25,07:58:00,25.8,96,7D,MARLON,Chuva
Catachlorops difficilis,F,P1 - Argeu,10°28’26.9”S ,63°15’18.1”W,Mata beira do rio,Novembro,Cavalo com puçá,2019-11-25,08:05:00,25.8,96,4E,MARLON,Chuva
Catachlorops difficilis,F,P1 - Argeu,10°28’26.9”S ,63°15’18.1”W,Mata beira do rio,Novembro,Cavalo com puçá,2019-11-25,08:56:00,26.7,93,6E,MARLON,Chuva
Dichelacera tetradelta,F,P1 - Argeu,10°28’26.9”S ,63°15’18.1”W,Mata beira do rio,Novembro,Cavalo com puçá,2019-11-25,09:00:00,26.9,90,6E,MARLON,Chuva
Phaeotabanus nigriflavus,F,P1 - Argeu,10°28’26.9”S ,63°15’18.1”W,Mata beira do rio,Novembro,Cavalo com puçá,2019-11-25,09:10:00,27.4,90,3,MARLON,Chuva
Acanthocera fairchildi,F,P1 - Argeu,10°28’26.9”S ,63°15’18.1”W,Mata beira do rio,Novembro,Cavalo com puçá,2019-11-25,09:31:00,27.9,89,13,TALLITA,Chuva
Acanthocera fairchildi,F,P1 - Argeu,10°28’26.9”S ,63°15’18.1”W,Mata beira do rio,Novembro,Cavalo com puçá,2019-11-25,09:33:00,28,87,1E,TALLITA,Chuva
Stenotabanus incipiens,F,P1 - Argeu,10°28’26.9”S ,63°15’18.1”W,Mata beira do rio,Novembro,Cavalo com puçá,2019-11-25,09:44:00,28.2,87,6E,TALLITA,Chuva
Acanthocera fairchildi,F,P1 - Argeu,10°28’26.9”S ,63°15’18.1”W,Mata beira do rio,Novembro,Cavalo com puçá,2019-11-25,09:50:00,28.6,86,13,TALLITA,Chuva
Stypommisa modica,F,P1 - Argeu,10°28’26.9”S ,63°15’18.1”W,Mata beira do rio,Novembro,Cavalo com puçá,2019-11-25,10:15:00,29.4,79,14,TALLITA,Chuva
Tabanus occidentalis var. dorsovittatus,F,P1 - Argeu,10°28’26.9”S ,63°15’18.1”W,Mata beira do rio,Novembro,Cavalo com puçá,2019-11-25,10:25:00,29.6,80,6E,TALLITA,Chuva
Stypommisa modica,F,P1 - Argeu,10°28’26.9”S ,63°15’18.1”W,Mata beira do rio,Novembro,Cavalo com puçá,2019-11-25,10:26:00,29.6,80,6E,TALLITA,Chuva
Tabanus occidentalis var. modestus,F,P1 - Argeu,10°28’26.9”S ,63°15’18.1”W,Mata beira do rio,Novembro,Cavalo com puçá,2019-11-25,10:28:00,29.5,80,6E,TALLITA,Chuva
Dichelacera tetradelta,F,P1 - Argeu,10°28’26.9”S ,63°15’18.1”W,Mata beira do rio,Novembro,Cavalo com puçá,2019-11-25,10:55:00,29.9,78,17D,TALLITA,Chuva
Dichelacera tetradelta,F,P1 - Argeu,10°28’26.9”S ,63°15’18.1”W,Mata beira do rio,Novembro,Cavalo com puçá,2019-11-25,10:57:00,29.7,73,7E,TALLITA,Chuva
Acanthocera fairchildi,F,P1 - Argeu,10°28’26.9”S ,63°15’18.1”W,Mata beira do rio,Novembro,Cavalo com puçá,2019-11-25,11:05:00,29.9,78,13,TALLITA,Chuva
Acanthocera fairchildi,F,P1 - Argeu,10°28’26.9”S ,63°15’18.1”W,Mata beira do rio,Novembro,Cavalo com puçá,2019-11-25,11:18:00,30.9,72,13,TALLITA,Chuva
Dichelacera tetradelta,F,P1 - Argeu,10°28’26.9”S ,63°15’18.1”W,Mata beira do rio,Novembro,Cavalo com puçá,2019-11-25,11:36:00,30.2,73,13,TALLITA,Chuva
Dichelacera tetradelta,F,P1 - Argeu,10°28’26.9”S ,63°15’18.1”W,Mata beira do rio,Novembro,Cavalo com puçá,2019-11-25,11:51:00,30,80,6E,MARLON,Chuva
Tabanus occidentalis var. modestus,F,P1 - Argeu,10°28’26.9”S ,63°15’18.1”W,Mata beira do rio,Novembro,Cavalo com puçá,2019-11-25,12:16:00,30.1,77,7D,MARLON,Chuva
Stenotabanus incipiens,F,P1 - Argeu,10°28’26.9”S ,63°15’18.1”W,Mata beira do rio,Novembro,Cavalo com puçá,2019-11-25,13:32:00,31.5,72,1E,TALLITA,Chuva
Tabanus occidentalis,F,P1 - Argeu,10°28’26.9”S ,63°15’18.1”W,Mata beira do rio,Novembro,Cavalo com puçá,2019-11-25,13:38:00,31.5,74,8E,MARLON,Chuva
Stenotabanus incipiens,F,P1 - Argeu,10°28’26.9”S ,63°15’18.1”W,Mata beira do rio,Novembro,Cavalo com puçá,2019-11-25,13:56:00,31.2,72,4E,MARLON,Chuva
Stenotabanus incipiens,F,P1 - Argeu,10°28’26.9”S ,63°15’18.1”W,Mata beira do rio,Novembro,Cavalo com puçá,2019-11-25,14:00:00,31.1,73,7D,TALLITA,Chuva
Stenotabanus incipiens,F,P1 - Argeu,10°28’26.9”S ,63°15’18.1”W,Mata beira do rio,Novembro,Cavalo com puçá,2019-11-25,15:40:00,31.6,71,7E,TALLITA,Chuva
Catachlorops difficilis,F,P1 - Argeu,10°28’26.9”S ,63°15’18.1”W,Mata beira do rio,Novembro,Cavalo com puçá,2019-11-25,15:43:00,31.5,72,8D,TALLITA,Chuva
Dichelacera tetradelta,F,P1 - Argeu,10°28’26.9”S ,63°15’18.1”W,Mata beira do rio,Novembro,Cavalo com puçá,2019-11-25,15:50:00,31.5,70,8E,TALLITA,Chuva
Dichelacera tetradelta,F,P1 - Argeu,10°28’26.9”S ,63°15’18.1”W,Mata beira do rio,Novembro,Cavalo com puçá,2019-11-25,16:35:00,30.6,76,12,MARLON,Chuva
Tabanus occidentalis var. modestus,F,P1 - Argeu,10°28’26.9”S ,63°15’18.1”W,Mata beira do rio,Novembro,Cavalo com puçá,2019-11-25,16:51:00,30.3,80,7E,MARLON,Chuva
Dichelacera tetradelta,F,P1 - Argeu,10°28’26.9”S ,63°15’18.1”W,Mata beira do rio,Novembro,Cavalo com puçá,2019-11-25,17:04:00,30.3,79,6D,TALLITA,Chuva
Catachlorops difficilis,F,P1 - Argeu,10°28’26.9”S ,63°15’18.1”W,Mata beira do rio,Novembro,Cavalo com puçá,2019-11-25,17:25:00,30.7,79,8E,TALLITA,Chuva
Stypommisa apicalis,F,P1 - Argeu,10°28’26.9”S ,63°15’18.1”W,Mata beira do rio,Novembro,Cavalo com puçá,2019-11-25,17:26:00,30.5,79,12,MARLON,Chuva
Tabanus antarcticus,F,P1 - Argeu,10°28’26.9”S ,63°15’18.1”W,Mata beira do rio,Novembro,Cavalo com puçá,2019-11-25,17:47:00,29.5,82,7D,TALLITA,Chuva
Stypommisa apicalis,F,P1 - Argeu,10°28’26.9”S ,63°15’18.1”W,Mata beira do rio,Novembro,Cavalo com puçá,2019-11-25,17:55:00,28.7,86,8D,MARLON,Chuva
Pityocera cervus,F,P1 - Argeu,10°28’26.9”S ,63°15’18.1”W,Mata beira do rio,Novembro,Cavalo com puçá,2019-10-26,06:00:00,28.8,90,8E,TALLITA,Chuva
Pityocera cervus,F,P1 - Argeu,10°28’26.9”S ,63°15’18.1”W,Mata beira do rio,Novembro,Cavalo com puçá,2019-10-26,06:10:00,25.2,91,6D,MARLON,Chuva
Dichelacera tetradelta,F,P1 - Argeu,10°28’26.9”S ,63°15’18.1”W,Mata beira do rio,Novembro,Cavalo com puçá,2019-10-26,08:17:00,26.7,95,3,TALLITA,Chuva
Stenotabanus incipiens,F,P1 - Argeu,10°28’26.9”S ,63°15’18.1”W,Mata beira do rio,Novembro,Cavalo com puçá,2019-10-26,08:23:00,26.7,95,7D,TALLITA,Chuva
Tabanus occidentalis var. modestus,F,P1 - Argeu,10°28’26.9”S ,63°15’18.1”W,Mata beira do rio,Novembro,Cavalo com puçá,2019-10-26,10:35:00,30.2,81,7D,MARLON,Chuva
Dichelacera tetradelta,F,P1 - Argeu,10°28’26.9”S ,63°15’18.1”W,Mata beira do rio,Novembro,Cavalo com puçá,2019-10-26,11:05:00,31.3,70,4D,TALLITA,Chuva
Tabanus occidentalis var. modestus,F,P1 - Argeu,10°28’26.9”S ,63°15’18.1”W,Mata beira do rio,Novembro,Cavalo com puçá,2019-10-26,12:10:00,32,69,7D,MARLON,Chuva
Stenotabanus incipiens,F,P1 - Argeu,10°28’26.9”S ,63°15’18.1”W,Mata beira do rio,Novembro,Cavalo com puçá,2019-10-26,14:09:00,32.9,64,19,MARLON,Chuva
Tabanus trivittatus,F,P1 - Argeu,10°28’26.9”S ,63°15’18.1”W,Mata beira do rio,Novembro,Cavalo com puçá,2019-10-26,15:14:00,32.3,66,9E,TALLITA,Chuva
Tabanus occidentalis,F,P1 - Argeu,10°28’26.9”S ,63°15’18.1”W,Mata beira do rio,Novembro,Cavalo com puçá,2019-10-26,15:44:00,32.2,65,6E,MARLON,Chuva
Tabanus occidentalis var. dorsovittatus,F,P1 - Argeu,10°28’26.9”S ,63°15’18.1”W,Mata beira do rio,Novembro,Cavalo com puçá,2019-10-26,15:06:00,31.9,69,7D,TALLITA,Chuva
Dichelacera tetradelta,F,P1 - Argeu,10°28’26.9”S ,63°15’18.1”W,Mata beira do rio,Novembro,Cavalo com puçá,2019-10-26,16:06:00,31.9,69,7E,TALLITA,Chuva
Tabanus occidentalis,F,P1 - Argeu,10°28’26.9”S ,63°15’18.1”W,Mata beira do rio,Novembro,Cavalo com puçá,2019-10-26,16:19:00,31,73,6D,MARLON,Chuva
Tabanus occidentalis,F,P1 - Argeu,10°28’26.9”S ,63°15’18.1”W,Mata beira do rio,Novembro,Cavalo com puçá,2019-10-26,17:15:00,30.8,80,7D,MARLON,Chuva
Tabanus occidentalis,F,P1 - Argeu,10°28’26.9”S ,63°15’18.1”W,Mata beira do rio,Novembro,Cavalo com puçá,2019-10-26,17:18:00,30.7,82,6D,TALLITA,Chuva
Tabanus occidentalis var. modestus,F,P1 - Argeu,10°28’26.9”S ,63°15’18.1”W,Mata beira do rio,Novembro,Cavalo com puçá,2019-10-26,17:19:00,30.7,82,6D,TALLITA,Chuva
Tabanus antarcticus,F,P1 - Argeu,10°28’26.9”S ,63°15’18.1”W,Mata beira do rio,Novembro,Cavalo com puçá,2019-10-26,17:34:00,29.9,83,9D,TALLITA,Chuva
Tabanus antarcticus,F,P1 - Argeu,10°28’26.9”S ,63°15’18.1”W,Mata beira do rio,Novembro,Cavalo com puçá,2019-10-26,17:53:00,29.9,86,9E,TALLITA,Chuva
Stypommisa apicalis,F,P1 - Argeu,10°28’26.9”S ,63°15’18.1”W,Mata beira do rio,Novembro,Cavalo com puçá,2019-10-26,17:54:00,29.2,87,7E,MARLON,Chuva
Tabanus rupripes,F,P1 - Argeu,10°28’26.9”S ,63°15’18.1”W,Mata beira do rio,Novembro,Cavalo com puçá,2019-10-26,17:57:00,29.1,87,8D,MARLON,Chuva
Pityocera cervus,F,P1 - Argeu,10°28’26.9”S ,63°15’18.1”W,Mata beira do rio,Fevereiro,Cavalo com puçá,2020-02-19,06:25:00,26.4,84,9E,MARLON,Chuva
Pityocera cervus,F,P1 - Argeu,10°28’26.9”S ,63°15’18.1”W,Mata beira do rio,Fevereiro,Cavalo com puçá,2020-02-19,07:20:00,25.8,93,20,CAUÃ,Chuva
Pityocera cervus,F,P1 - Argeu,10°28’26.9”S ,63°15’18.1”W,Mata beira do rio,Fevereiro,Cavalo com puçá,2020-02-19,07:28:00,25.6,94,12E,MARLON,Chuva
Pityocera cervus,F,P1 - Argeu,10°28’26.9”S ,63°15’18.1”W,Mata beira do rio,Fevereiro,Cavalo com puçá,2020-02-19,07:34:00,25.5,96,18E,CAUÃ,Chuva
Pityocera cervus,F,P1 - Argeu,10°28’26.9”S ,63°15’18.1”W,Mata beira do rio,Fevereiro,Cavalo com puçá,2020-02-19,07:35:00,25.4,96,18E,MARLON,Chuva
Pityocera cervus,F,P1 - Argeu,10°28’26.9”S ,63°15’18.1”W,Mata beira do rio,Fevereiro,Cavalo com puçá,2020-02-19,07:38:00,25.5,97,6D,MARLON,Chuva
Pityocera cervus,F,P1 - Argeu,10°28’26.9”S ,63°15’18.1”W,Mata beira do rio,Fevereiro,Cavalo com puçá,2020-02-19,07:47:00,25.5,96,17E,MARLON,Chuva
Tabanus rubripes,F,P1 - Argeu,10°28’26.9”S ,63°15’18.1”W,Mata beira do rio,Fevereiro,Cavalo com puçá,2020-02-19,07:49:00,25.6,96,3,MARLON,Chuva
Tabanus occidentalis,F,P1 - Argeu,10°28’26.9”S ,63°15’18.1”W,Mata beira do rio,Fevereiro,Cavalo com puçá,2020-02-19,09:49:00,28.1,89,6E,MARLON,Chuva
Tabanus occidentalis,F,P1 - Argeu,10°28’26.9”S ,63°15’18.1”W,Mata beira do rio,Fevereiro,Cavalo com puçá,2020-02-19,12:16:00,29.9,82,7D,MARLON,Chuva
Chrysops variegatus,F,P1 - Argeu,10°28’26.9”S ,63°15’18.1”W,Mata beira do rio,Fevereiro,Cavalo com puçá,2020-02-19,15:37:00,25.8,99,1D,CAUÃ,Chuva
Tabanus mucronatus,F,P1 - Argeu,10°28’26.9”S ,63°15’18.1”W,Mata beira do rio,Fevereiro,Cavalo com puçá,2020-02-19,17:39:00,25.9,99,9D,MARLON,Chuva
Pityocera cervus,F,P1 - Argeu,10°28’26.9”S ,63°15’18.1”W,Mata beira do rio,Fevereiro,Cavalo com puçá,2020-02-19,17:59:00,25.9,99,8D,MARLON,Chuva
Pityocera cervus,F,P1 - Argeu,10°28’26.9”S ,63°15’18.1”W,Mata beira do rio,Fevereiro,Cavalo com puçá,2020-02-20,06:25:00,25,99,7E,MARLON,Chuva
Pityocera cervus,F,P1 - Argeu,10°28’26.9”S ,63°15’18.1”W,Mata beira do rio,Fevereiro,Cavalo com puçá,2020-02-20,06:49:00,25,99,6D,MARLON,Chuva
Pityocera cervus,F,P1 - Argeu,10°28’26.9”S ,63°15’18.1”W,Mata beira do rio,Fevereiro,Cavalo com puçá,2020-02-20,06:50:00,25,99,5E,MARLON,Chuva
Pityocera cervus,F,P1 - Argeu,10°28’26.9”S ,63°15’18.1”W,Mata beira do rio,Fevereiro,Cavalo com puçá,2020-02-20,07:00:00,25.4,99,8E,MARLON,Chuva
Pityocera cervus,F,P1 - Argeu,10°28’26.9”S ,63°15’18.1”W,Mata beira do rio,Fevereiro,Cavalo com puçá,2020-02-20,07:04:00,25.4,99,17E,MARLON,Chuva
Pityocera cervus,F,P1 - Argeu,10°28’26.9”S ,63°15’18.1”W,Mata beira do rio,Fevereiro,Cavalo com puçá,2020-02-20,07:05:00,25.4,99,16D,MARLON,Chuva
Pityocera cervus,F,P1 - Argeu,10°28’26.9”S ,63°15’18.1”W,Mata beira do rio,Fevereiro,Cavalo com puçá,2020-02-20,07:01:00,25.3,99,18D,MARLON,Chuva
Pityocera cervus,F,P1 - Argeu,10°28’26.9”S ,63°15’18.1”W,Mata beira do rio,Fevereiro,Cavalo com puçá,2020-02-20,07:40:00,25.4,99,8D,MARLON,Chuva
Pityocera cervus,F,P1 - Argeu,10°28’26.9”S ,63°15’18.1”W,Mata beira do rio,Fevereiro,Cavalo com puçá,2020-02-20,07:48:00,25.8,99,4D,MARLON,Chuva
Pityocera cervus,F,P1 - Argeu,10°28’26.9”S ,63°15’18.1”W,Mata beira do rio,Fevereiro,Cavalo com puçá,2020-02-20,07:57:00,26.1,99,6D,MARLON,Chuva
Pityocera cervus,F,P1 - Argeu,10°28’26.9”S ,63°15’18.1”W,Mata beira do rio,Fevereiro,Cavalo com puçá,2020-02-20,08:16:00,27,94,6D,MARLON,Chuva
Tabanus occidentalis var. modestus,F,P1 - Argeu,10°28’26.9”S ,63°15’18.1”W,Mata beira do rio,Fevereiro,Cavalo com puçá,2020-02-20,08:30:00,26.9,93,7D,MARLON,Chuva
Tabanus occidentalis,F,P1 - Argeu,10°28’26.9”S ,63°15’18.1”W,Mata beira do rio,Fevereiro,Cavalo com puçá,2020-02-20,09:09:00,26.9,93,6E,MARLON,Chuva
Tabanus occidentalis var. dorsovittatus,F,P1 - Argeu,10°28’26.9”S ,63°15’18.1”W,Mata beira do rio,Fevereiro,Cavalo com puçá,2020-02-20,09:22:00,26.7,96,4D,MARLON,Chuva
Tabanus discus,F,P1 - Argeu,10°28’26.9”S ,63°15’18.1”W,Mata beira do rio,Fevereiro,Cavalo com puçá,2020-02-20,10:02:00,26.8,98,6D,MARLON,Chuva
Pityocera cervus,F,P1 - Argeu,10°28’26.9”S ,63°15’18.1”W,Mata beira do rio,Fevereiro,Cavalo com puçá,2020-02-20,10:42:00,27.7,97,16D,MARLON,Chuva
Tabanus occidentalis,F,P1 - Argeu,10°28’26.9”S ,63°15’18.1”W,Mata beira do rio,Fevereiro,Cavalo com puçá,2020-02-20,10:54:00,28,94,6D,CAUÃ,Chuva
Poeciloderas quadripunctatus,F,P1 - Argeu,10°28’26.9”S ,63°15’18.1”W,Mata beira do rio,Fevereiro,Cavalo com puçá,2020-02-20,11:52:00,35.5,61,7D,MARLON,Chuva
Tabanus occidentalis,F,P1 - Argeu,10°28’26.9”S ,63°15’18.1”W,Mata beira do rio,Fevereiro,Cavalo com puçá,2020-02-20,12:46:00,38,58,7D,MARLON,Chuva
Tabanus occidentalis var. modestus,F,P1 - Argeu,10°28’26.9”S ,63°15’18.1”W,Mata beira do rio,Fevereiro,Cavalo com puçá,2020-02-20,13:29:00,31,63,6D,MARLON,Chuva
Tabanus occidentalis var. modestus,F,P1 - Argeu,10°28’26.9”S ,63°15’18.1”W,Mata beira do rio,Fevereiro,Cavalo com puçá,2020-02-20,13:58:00,30.2,70,4E,CAUÃ,Chuva
Tabanus discus,F,P1 - Argeu,10°28’26.9”S ,63°15’18.1”W,Mata beira do rio,Fevereiro,Cavalo com puçá,2020-02-20,14:46:00,30,83,4D,CAUÃ,Chuva
Tabanus antarcticus,F,P1 - Argeu,10°28’26.9”S ,63°15’18.1”W,Mata beira do rio,Fevereiro,Cavalo com puçá,2020-02-20,15:36:00,30,81,6E,MARLON,Chuva
Leucotabanus exaestuans,F,P1 - Argeu,10°28’26.9”S ,63°15’18.1”W,Mata beira do rio,Fevereiro,Cavalo com puçá,2020-02-20,15:43:00,29.9,81,2E,MARLON,Chuva
Tabanus occidentalis var. modestus,F,P1 - Argeu,10°28’26.9”S ,63°15’18.1”W,Mata beira do rio,Fevereiro,Cavalo com puçá,2020-02-20,15:52:00,29.8,82,7E,MARLON,Chuva
Tabanus occidentalis var. modestus,F,P1 - Argeu,10°28’26.9”S ,63°15’18.1”W,Mata beira do rio,Fevereiro,Cavalo com puçá,2020-02-20,15:57:00,29.7,84,7D,MARLON,Chuva
Pityocera cervus,F,P1 - Argeu,10°28’26.9”S ,63°15’18.1”W,Mata beira do rio,Fevereiro,Cavalo com puçá,2020-02-20,16:09:00,29.5,86,2D,MARLON,Chuva
Tabanus occidentalis,F,P1 - Argeu,10°28’26.9”S ,63°15’18.1”W,Mata beira do rio,Fevereiro,Cavalo com puçá,2020-02-20,16:44:00,29,87,6E,MARLON,Chuva
Catachlorops halteratus,F,P1 - Argeu,10°28’26.9”S ,63°15’18.1”W,Mata beira do rio,Fevereiro,Cavalo com puçá,2020-02-20,17:02:00,28.5,89,6D,CAUÃ,Chuva
Tabanus antarcticus,F,P1 - Argeu,10°28’26.9”S ,63°15’18.1”W,Mata beira do rio,Fevereiro,Cavalo com puçá,2020-02-20,17:04:00,28.5,89,6E,CAUÃ,Chuva
Tabanus antarcticus,F,P1 - Argeu,10°28’26.9”S ,63°15’18.1”W,Mata beira do rio,Fevereiro,Cavalo com puçá,2020-02-20,17:11:00,28.5,89,7D,CAUÃ,Chuva
Tabanus occidentalis,F,P1 - Argeu,10°28’26.9”S ,63°15’18.1”W,Mata beira do rio,Fevereiro,Cavalo com puçá,2020-02-20,17:12:00,28.5,90,7E,CAUÃ,Chuva
Tabanus antarcticus,F,P1 - Argeu,10°28’26.9”S ,63°15’18.1”W,Mata beira do rio,Fevereiro,Cavalo com puçá,2020-02-20,17:28:00,28,89,7D,CAUÃ,Chuva
Tabanus antarcticus,F,P1 - Argeu,10°28’26.9”S ,63°15’18.1”W,Mata beira do rio,Fevereiro,Cavalo com puçá,2020-02-20,17:28:00,28,89,6D,CAUÃ,Chuva
Tabanus antarcticus,F,P1 - Argeu,10°28’26.9”S ,63°15’18.1”W,Mata beira do rio,Fevereiro,Cavalo com puçá,2020-02-20,17:46:00,27.8,91,7D,MARLON,Chuva
Tabanus antarcticus,F,P1 - Argeu,10°28’26.9”S ,63°15’18.1”W,Mata beira do rio,Fevereiro,Cavalo com puçá,2020-02-20,17:47:00,27.8,91,6E,MARLON,Chuva
Tabanus antarcticus,F,P1 - Argeu,10°28’26.9”S ,63°15’18.1”W,Mata beira do rio,Fevereiro,Cavalo com puçá,2020-02-20,17:48:00,28,90,12,MARLON,Chuva
Leucotabanus albovarius,F,P1 - Argeu,10°28’26.9”S ,63°15’18.1”W,Mata beira do rio,Fevereiro,Cavalo com puçá,2020-02-20,17:50:00,28,90,20,MARLON,Chuva
Tabanus mucronatus,F,P1 - Argeu,10°28’26.9”S ,63°15’18.1”W,Mata beira do rio,Fevereiro,Cavalo com puçá,2020-02-20,17:52:00,28,90,7E,MARLON,Chuva
Tabanus antarcticus,F,P1 - Argeu,10°28’26.9”S ,63°15’18.1”W,Mata beira do rio,Fevereiro,Cavalo com puçá,2020-02-20,17:53:00,28,90,4D,MARLON,Chuva
Tabanus antarcticus,F,P1 - Argeu,10°28’26.9”S ,63°15’18.1”W,Mata beira do rio,Fevereiro,Cavalo com puçá,2020-02-20,18:00:00,27.8,91,9E,MARLON,Chuva
Tabanus rubripes,F,P5-Neucivaldo,10°06’21.4”S ,63°16’55.7”W,Mata beira do rio,Fevereiro,Cavalo com puçá,2020-02-25,06:15:00,23.3,95,6D,MARLON,Chuva
Tabanus rubripes,F,P5-Neucivaldo,10°06’21.4”S ,63°16’55.7”W,Mata beira do rio,Fevereiro,Cavalo com puçá,2020-02-25,06:19:00,23.3,95,7D,MARLON,Chuva
Tabanus rubripes,F,P5-Neucivaldo,10°06’21.4”S ,63°16’55.7”W,Mata beira do rio,Fevereiro,Cavalo com puçá,2020-02-25,06:19:00,23.3,95,7D,MARLON,Chuva
Pityocera cervus,F,P5-Neucivaldo,10°06’21.4”S ,63°16’55.7”W,Mata beira do rio,Fevereiro,Cavalo com puçá,2020-02-25,06:21:00,23.5,96,9E,MARLON,Chuva
Tabanus rubripes,F,P5-Neucivaldo,10°06’21.4”S ,63°16’55.7”W,Mata beira do rio,Fevereiro,Cavalo com puçá,2020-02-25,06:32:00,23.5,99,6E,MARLON,Chuva
Pityocera cervus,F,P5-Neucivaldo,10°06’21.4”S ,63°16’55.7”W,Mata beira do rio,Fevereiro,Cavalo com puçá,2020-02-25,07:07:00,2.5,99,7E,CAUÃ,Chuva
Pityocera cervus,F,P5-Neucivaldo,10°06’21.4”S ,63°16’55.7”W,Mata beira do rio,Fevereiro,Cavalo com puçá,2020-02-25,07:56:00,23.6,99,18E,CAUÃ,Chuva
Pityocera cervus,F,P5-Neucivaldo,10°06’21.4”S ,63°16’55.7”W,Mata beira do rio,Fevereiro,Cavalo com puçá,2020-02-25,08:02:00,23.6,99,6E,CAUÃ,Chuva
Pityocera cervus,F,P5-Neucivaldo,10°06’21.4”S ,63°16’55.7”W,Mata beira do rio,Fevereiro,Cavalo com puçá,2020-02-25,08:12:00,23.8,99,7E,MARLON,Chuva
Tabanus antarcticus,F,P5-Neucivaldo,10°06’21.4”S ,63°16’55.7”W,Mata beira do rio,Fevereiro,Cavalo com puçá,2020-02-25,08:37:00,24,99,7D,CAUÃ,Chuva
Pityocera cervus,F,P5-Neucivaldo,10°06’21.4”S ,63°16’55.7”W,Mata beira do rio,Fevereiro,Cavalo com puçá,2020-02-25,09:30:00,24.7,99,8D,MARLON,Chuva
Tabanus antarcticus,F,P5-Neucivaldo,10°06’21.4”S ,63°16’55.7”W,Mata beira do rio,Fevereiro,Cavalo com puçá,2020-02-25,09:57:00,25,97,6E,MARLON,Chuva
Tabanus occidentalis var. modestus,F,P5-Neucivaldo,10°06’21.4”S ,63°16’55.7”W,Mata beira do rio,Fevereiro,Cavalo com puçá,2020-02-25,10:40:00,25.9,95,6D,MARLON,Chuva
Tabanus antarcticus,F,P5-Neucivaldo,10°06’21.4”S ,63°16’55.7”W,Mata beira do rio,Fevereiro,Cavalo com puçá,2020-02-25,11:39:00,26.7,95,6E,MARLON,Chuva
Chrysops variegatus,F,P5-Neucivaldo,10°06’21.4”S ,63°16’55.7”W,Mata beira do rio,Fevereiro,Cavalo com puçá,2020-02-25,12:09:00,27,92,1D,CAUÃ,Chuva
Stenotabanus albilinearis,F,P5-Neucivaldo,10°06’21.4”S ,63°16’55.7”W,Mata beira do rio,Fevereiro,Cavalo com puçá,2020-02-25,12:15:00,27.5,93,14,CAUÃ,Chuva
Tabanus occidentalis var. modestus,F,P5-Neucivaldo,10°06’21.4”S ,63°16’55.7”W,Mata beira do rio,Fevereiro,Cavalo com puçá,2020-02-25,13:40:00,27.6,93,7D,CAUÃ,Chuva
Tabanus rubripes,F,P5-Neucivaldo,10°06’21.4”S ,63°16’55.7”W,Mata beira do rio,Fevereiro,Cavalo com puçá,2020-02-25,14:09:00,27.7,93,11E,MARLON,Chuva
Leucotabanus exaestuans,F,P5-Neucivaldo,10°06’21.4”S ,63°16’55.7”W,Mata beira do rio,Fevereiro,Cavalo com puçá,2020-02-25,14:39:00,28.2,92,1D,MARLON,Chuva
Chrysops variegatus,F,P5-Neucivaldo,10°06’21.4”S ,63°16’55.7”W,Mata beira do rio,Fevereiro,Cavalo com puçá,2020-02-25,14:48:00,28,90,1D,MARLON,Chuva
Tabanus occidentalis,F,P5-Neucivaldo,10°06’21.4”S ,63°16’55.7”W,Mata beira do rio,Fevereiro,Cavalo com puçá,2020-02-25,15:43:00,26.8,99,3,MARLON,Chuva
Tabanus antarcticus,F,P5-Neucivaldo,10°06’21.4”S ,63°16’55.7”W,Mata beira do rio,Fevereiro,Cavalo com puçá,2020-02-25,16:05:00,26.8,99,9D,MARLON,Chuva
Tabanus antarcticus,F,P5-Neucivaldo,10°06’21.4”S ,63°16’55.7”W,Mata beira do rio,Fevereiro,Cavalo com puçá,2020-02-25,16:21:00,26.7,99,7E,CAUÃ,Chuva
Tabanus antarcticus,F,P5-Neucivaldo,10°06’21.4”S ,63°16’55.7”W,Mata beira do rio,Fevereiro,Cavalo com puçá,2020-02-25,17:11:00,25.4,99,7D,MARLON,Chuva
Tabanus antarcticus,F,P5-Neucivaldo,10°06’21.4”S ,63°16’55.7”W,Mata beira do rio,Fevereiro,Cavalo com puçá,2020-02-25,17:11:00,25.4,99,7D,MARLON,Chuva
Tabanus antarcticus,F,P5-Neucivaldo,10°06’21.4”S ,63°16’55.7”W,Mata beira do rio,Fevereiro,Cavalo com puçá,2020-02-25,17:13:00,25.4,99,7D,MARLON,Chuva
Tabanus antarcticus,F,P5-Neucivaldo,10°06’21.4”S ,63°16’55.7”W,Mata beira do rio,Fevereiro,Cavalo com puçá,2020-02-25,17:14:00,25.4,99,6E,MARLON,Chuva
Tabanus antarcticus,F,P5-Neucivaldo,10°06’21.4”S ,63°16’55.7”W,Mata beira do rio,Fevereiro,Cavalo com puçá,2020-02-25,17:15:00,25.4,99,7E,MARLON,Chuva
Tabanus antarcticus,F,P5-Neucivaldo,10°06’21.4”S ,63°16’55.7”W,Mata beira do rio,Fevereiro,Cavalo com puçá,2020-02-25,17:15:00,25.4,99,6E,MARLON,Chuva
Tabanus antarcticus,F,P5-Neucivaldo,10°06’21.4”S ,63°16’55.7”W,Mata beira do rio,Fevereiro,Cavalo com puçá,2020-02-25,17:18:00,25.4,99,6E,MARLON,Chuva
Pityocera cervus,F,P5-Neucivaldo,10°06’21.4”S ,63°16’55.7”W,Mata beira do rio,Fevereiro,Cavalo com puçá,2020-02-25,17:19:00,25.4,99,6E,MARLON,Chuva
Tabanus antarcticus,F,P5-Neucivaldo,10°06’21.4”S ,63°16’55.7”W,Mata beira do rio,Fevereiro,Cavalo com puçá,2020-02-25,17:20:00,25.4,99,12E,MARLON,Chuva
Tabanus occidentalis,F,P5-Neucivaldo,10°06’21.4”S ,63°16’55.7”W,Mata beira do rio,Fevereiro,Cavalo com puçá,2020-02-25,17:21:00,25.3,99,12D,MARLON,Chuva
Pityocera cervus,F,P5-Neucivaldo,10°06’21.4”S ,63°16’55.7”W,Mata beira do rio,Fevereiro,Cavalo com puçá,2020-02-25,17:23:00,25.3,99,12D,MARLON,Chuva
Tabanus antarcticus,F,P5-Neucivaldo,10°06’21.4”S ,63°16’55.7”W,Mata beira do rio,Fevereiro,Cavalo com puçá,2020-02-25,17:25:00,25.3,99,9D,MARLON,Chuva
Tabanus antarcticus,F,P5-Neucivaldo,10°06’21.4”S ,63°16’55.7”W,Mata beira do rio,Fevereiro,Cavalo com puçá,2020-02-25,17:26:00,25.4,99,6E,MARLON,Chuva
Tabanus antarcticus,F,P5-Neucivaldo,10°06’21.4”S ,63°16’55.7”W,Mata beira do rio,Fevereiro,Cavalo com puçá,2020-02-25,17:26:00,25.4,99,7E,MARLON,Chuva
Tabanus antarcticus,F,P5-Neucivaldo,10°06’21.4”S ,63°16’55.7”W,Mata beira do rio,Fevereiro,Cavalo com puçá,2020-02-25,17:27:00,25.4,99,8E,MARLON,Chuva
Tabanus antarcticus,F,P5-Neucivaldo,10°06’21.4”S ,63°16’55.7”W,Mata beira do rio,Fevereiro,Cavalo com puçá,2020-02-25,17:27:00,25.4,99,6E,MARLON,Chuva
Tabanus antarcticus,F,P5-Neucivaldo,10°06’21.4”S ,63°16’55.7”W,Mata beira do rio,Fevereiro,Cavalo com puçá,2020-02-25,17:31:00,25.3,99,8D,MARLON,Chuva
Tabanus antarcticus,F,P5-Neucivaldo,10°06’21.4”S ,63°16’55.7”W,Mata beira do rio,Fevereiro,Cavalo com puçá,2020-02-25,17:33:00,25.3,99,8E,MARLON,Chuva
Tabanus antarcticus,F,P5-Neucivaldo,10°06’21.4”S ,63°16’55.7”W,Mata beira do rio,Fevereiro,Cavalo com puçá,2020-02-25,17:33:00,25.4,99,8E,MARLON,Chuva
Tabanus antarcticus,F,P5-Neucivaldo,10°06’21.4”S ,63°16’55.7”W,Mata beira do rio,Fevereiro,Cavalo com puçá,2020-02-25,17:34:00,25.3,99,20,MARLON,Chuva
Tabanus antarcticus,F,P5-Neucivaldo,10°06’21.4”S ,63°16’55.7”W,Mata beira do rio,Fevereiro,Cavalo com puçá,2020-02-25,17:35:00,25.3,99,6E,MARLON,Chuva
Tabanus antarcticus,F,P5-Neucivaldo,10°06’21.4”S ,63°16’55.7”W,Mata beira do rio,Fevereiro,Cavalo com puçá,2020-02-25,17:36:00,25.4,99,8D,MARLON,Chuva
Tabanus antarcticus,F,P5-Neucivaldo,10°06’21.4”S ,63°16’55.7”W,Mata beira do rio,Fevereiro,Cavalo com puçá,2020-02-25,17:36:00,25.4,99,9D,MARLON,Chuva
Tabanus antarcticus,F,P5-Neucivaldo,10°06’21.4”S ,63°16’55.7”W,Mata beira do rio,Fevereiro,Cavalo com puçá,2020-02-25,17:41:00,25.3,99,7E,MARLON,Chuva
Tabanus antarcticus,F,P5-Neucivaldo,10°06’21.4”S ,63°16’55.7”W,Mata beira do rio,Fevereiro,Cavalo com puçá,2020-02-25,17:42:00,25.3,99,8E,MARLON,Chuva
Tabanus antarcticus,F,P5-Neucivaldo,10°06’21.4”S ,63°16’55.7”W,Mata beira do rio,Fevereiro,Cavalo com puçá,2020-02-25,17:46:00,25.3,99,11E,MARLON,Chuva
Tabanus antarcticus,F,P5-Neucivaldo,10°06’21.4”S ,63°16’55.7”W,Mata beira do rio,Fevereiro,Cavalo com puçá,2020-02-25,17:49:00,25.3,99,7D,MARLON,Chuva
Pityocera cervus,F,P5-Neucivaldo,10°06’21.4”S ,63°16’55.7”W,Mata beira do rio,Fevereiro,Cavalo com puçá,2020-02-25,17:50:00,25.3,99,12E,MARLON,Chuva
Tabanus antarcticus,F,P5-Neucivaldo,10°06’21.4”S ,63°16’55.7”W,Mata beira do rio,Fevereiro,Cavalo com puçá,2020-02-25,17:51:00,25.3,99,12,MARLON,Chuva
Pityocera cervus,F,P5-Neucivaldo,10°06’21.4”S ,63°16’55.7”W,Mata beira do rio,Fevereiro,Cavalo com puçá,2020-02-25,17:53:00,25.3,99,7E,MARLON,Chuva
Tabanus antarcticus,F,P5-Neucivaldo,10°06’21.4”S ,63°16’55.7”W,Mata beira do rio,Fevereiro,Cavalo com puçá,2020-02-25,17:54:00,25.3,99,7E,MARLON,Chuva
Tabanus antarcticus,F,P5-Neucivaldo,10°06’21.4”S ,63°16’55.7”W,Mata beira do rio,Fevereiro,Cavalo com puçá,2020-02-25,17:57:00,25.3,99,8D,MARLON,Chuva
Tabanus rubripes,F,P5-Neucivaldo,10°06’21.4”S ,63°16’55.7”W,Mata beira do rio,Fevereiro,Cavalo com puçá,2020-02-25,17:57:00,25.3,99,8D,MARLON,Chuva
Tabanus antarcticus,F,P5-Neucivaldo,10°06’21.4”S ,63°16’55.7”W,Mata beira do rio,Fevereiro,Cavalo com puçá,2020-02-25,18:00:00,25.1,99,6D,MARLON,Chuva
Tabanus rubripes,F,P1 - Argeu,10°28’26.9”S ,63°15’18.1”W,Mata beira do rio,Fevereiro,Cavalo com puçá,2020-02-26,06:15:00,23,99,8D,CAIO,Chuva
Pityocera cervus,F,P1 - Argeu,10°28’26.9”S ,63°15’18.1”W,Mata beira do rio,Fevereiro,Cavalo com puçá,2020-02-26,06:15:00,23,99,12E,CAUÃ,Chuva
Pityocera cervus,F,P1 - Argeu,10°28’26.9”S ,63°15’18.1”W,Mata beira do rio,Fevereiro,Cavalo com puçá,2020-02-26,06:21:00,23,99,8D,CAIO,Chuva
Pityocera cervus,F,P1 - Argeu,10°28’26.9”S ,63°15’18.1”W,Mata beira do rio,Fevereiro,Cavalo com puçá,2020-02-26,06:29:00,23,99,6D,CAIO,Chuva
Pityocera cervus,F,P1 - Argeu,10°28’26.9”S ,63°15’18.1”W,Mata beira do rio,Fevereiro,Cavalo com puçá,2020-02-26,06:34:00,23,99,6D,CAUÃ,Chuva
Pityocera cervus,F,P1 - Argeu,10°28’26.9”S ,63°15’18.1”W,Mata beira do rio,Fevereiro,Cavalo com puçá,2020-02-26,06:38:00,22.9,99,6E,CAUÃ,Chuva
Tabanus rubripes,F,P1 - Argeu,10°28’26.9”S ,63°15’18.1”W,Mata beira do rio,Fevereiro,Cavalo com puçá,2020-02-26,06:38:00,22.9,99,6E,CAUÃ,Chuva
Pityocera cervus,F,P1 - Argeu,10°28’26.9”S ,63°15’18.1”W,Mata beira do rio,Fevereiro,Cavalo com puçá,2020-02-26,06:49:00,22.9,99,6D,CAUÃ,Chuva
Pityocera cervus,F,P1 - Argeu,10°28’26.9”S ,63°15’18.1”W,Mata beira do rio,Fevereiro,Cavalo com puçá,2020-02-26,06:52:00,23.3,99,6D,CAUÃ ,Chuva
Pityocera cervus,F,P1 - Argeu,10°28’26.9”S ,63°15’18.1”W,Mata beira do rio,Fevereiro,Cavalo com puçá,2020-02-26,06:53:00,23.2,99,12D,CAUÃ,Chuva
Pityocera cervus,F,P1 - Argeu,10°28’26.9”S ,63°15’18.1”W,Mata beira do rio,Fevereiro,Cavalo com puçá,2020-02-26,06:55:00,23.1,99,7E,CAUÃ,Chuva
Pityocera cervus,F,P1 - Argeu,10°28’26.9”S ,63°15’18.1”W,Mata beira do rio,Fevereiro,Cavalo com puçá,2020-02-26,06:59:00,23,99,7D,CAUÃ,Chuva
Pityocera cervus,F,P1 - Argeu,10°28’26.9”S ,63°15’18.1”W,Mata beira do rio,Fevereiro,Cavalo com puçá,2020-02-26,07:01:00,23.2,99,7D,CAUÃ,Chuva
Pityocera cervus,F,P1 - Argeu,10°28’26.9”S ,63°15’18.1”W,Mata beira do rio,Fevereiro,Cavalo com puçá,2020-02-26,07:04:00,23,99,7D,CAUÃ ,Chuva
Pityocera cervus,F,P1 - Argeu,10°28’26.9”S ,63°15’18.1”W,Mata beira do rio,Fevereiro,Cavalo com puçá,2020-02-26,07:06:00,23.2,99,8D,CAUÃ,Chuva
Tabanus rubripes,F,P1 - Argeu,10°28’26.9”S ,63°15’18.1”W,Mata beira do rio,Fevereiro,Cavalo com puçá,2020-02-26,07:15:00,23.2,99,8D,CAUÃ,Chuva
Pityocera cervus,F,P1 - Argeu,10°28’26.9”S ,63°15’18.1”W,Mata beira do rio,Fevereiro,Cavalo com puçá,2020-02-26,07:19:00,23.2,99,8D,CAUÃ,Chuva
Pityocera cervus,F,P1 - Argeu,10°28’26.9”S ,63°15’18.1”W,Mata beira do rio,Fevereiro,Cavalo com puçá,2020-02-26,07:32:00,23.3,99,7D,CAUÃ ,Chuva
Pityocera cervus,F,P1 - Argeu,10°28’26.9”S ,63°15’18.1”W,Mata beira do rio,Fevereiro,Cavalo com puçá,2020-02-26,07:44:00,23.6,99,5E,CAUÃ,Chuva
Pityocera cervus,F,P1 - Argeu,10°28’26.9”S ,63°15’18.1”W,Mata beira do rio,Fevereiro,Cavalo com puçá,2020-02-26,07:55:00,23.6,99,12D,CAUÃ,Chuva
Pityocera cervus,F,P1 - Argeu,10°28’26.9”S ,63°15’18.1”W,Mata beira do rio,Fevereiro,Cavalo com puçá,2020-02-26,08:20:00,23.9,99,8E,CAUÃ,Chuva
Tabanus rubripes,F,P1 - Argeu,10°28’26.9”S ,63°15’18.1”W,Mata beira do rio,Fevereiro,Cavalo com puçá,2020-02-26,08:47:00,24.3,99,8D,GUSTAVO,Chuva
Tabanus rubripes,F,P1 - Argeu,10°28’26.9”S ,63°15’18.1”W,Mata beira do rio,Fevereiro,Cavalo com puçá,2020-02-26,12:37:00,28.1,94,7D,MARLON,Chuva
Tabanus occidentalis var. modestus,F,P1 - Argeu,10°28’26.9”S ,63°15’18.1”W,Mata beira do rio,Fevereiro,Cavalo com puçá,2020-02-26,13:16:00,28.2,92,9D,CAUÃ,Chuva
Tabanus antarcticus,F,P1 - Argeu,10°28’26.9”S ,63°15’18.1”W,Mata beira do rio,Fevereiro,Cavalo com puçá,2020-02-26,13:31:00,28.1,93,1D,CAUÃ,Chuva
Stenotabanus albilinearis,F,P1 - Argeu,10°28’26.9”S ,63°15’18.1”W,Mata beira do rio,Fevereiro,Cavalo com puçá,2020-02-26,13:32:00,28.1,93,6D,CAUÃ,Chuva
Tabanus antarcticus,F,P1 - Argeu,10°28’26.9”S ,63°15’18.1”W,Mata beira do rio,Fevereiro,Cavalo com puçá,2020-02-26,13:33:00,28,93,6E,CAUÃ,Chuva
Tabanus mucronatus,F,P1 - Argeu,10°28’26.9”S ,63°15’18.1”W,Mata beira do rio,Fevereiro,Cavalo com puçá,2020-02-26,13:40:00,28,93,16D,CAUÃ,Chuva
Diachlorus curvipes,F,P1 - Argeu,10°28’26.9”S ,63°15’18.1”W,Mata beira do rio,Fevereiro,Cavalo com puçá,2020-02-26,14:19:00,28.1,93,2D,CAUÃ,Chuva
Tabanus occidentalis var. modestus,F,P1 - Argeu,10°28’26.9”S ,63°15’18.1”W,Mata beira do rio,Fevereiro,Cavalo com puçá,2020-02-26,14:24:00,28.1,93,4D,CAUÃ,Chuva
Pityocera cervus,F,P1 - Argeu,10°28’26.9”S ,63°15’18.1”W,Mata beira do rio,Fevereiro,Cavalo com puçá,2020-02-26,14:51:00,27.8,94,7D,GUSTAVO,Chuva
Tabanus discus,F,P1 - Argeu,10°28’26.9”S ,63°15’18.1”W,Mata beira do rio,Fevereiro,Cavalo com puçá,2020-02-26,15:01:00,27.8,94,10D,GUSTAVO,Chuva
Tabanus antarcticus,F,P1 - Argeu,10°28’26.9”S ,63°15’18.1”W,Mata beira do rio,Fevereiro,Cavalo com puçá,2020-02-26,15:20:00,28.2,93,7D,GUSTAVO,Chuva
Leucotabanus exaestuans,F,P1 - Argeu,10°28’26.9”S ,63°15’18.1”W,Mata beira do rio,Fevereiro,Cavalo com puçá,2020-02-26,16:35:00,28.1,929,6E,MARLON,Chuva
Tabanus antarcticus,F,P1 - Argeu,10°28’26.9”S ,63°15’18.1”W,Mata beira do rio,Fevereiro,Cavalo com puçá,2020-02-26,16:36:00,28.1,92,7E,MARLON,Chuva
Stenotabanus albilinearis,F,P1 - Argeu,10°28’26.9”S ,63°15’18.1”W,Mata beira do rio,Fevereiro,Cavalo com puçá,2020-02-26,16:38:00,28,93,5E,MARLON,Chuva
Tabanus antarcticus,F,P1 - Argeu,10°28’26.9”S ,63°15’18.1”W,Mata beira do rio,Fevereiro,Cavalo com puçá,2020-02-26,16:38:00,28,94,8E,MARLON,Chuva
Tabanus antarcticus,F,P1 - Argeu,10°28’26.9”S ,63°15’18.1”W,Mata beira do rio,Fevereiro,Cavalo com puçá,2020-02-26,16:41:00,27.9,94,7E,MARLON,Chuva
Tabanus antarcticus,F,P1 - Argeu,10°28’26.9”S ,63°15’18.1”W,Mata beira do rio,Fevereiro,Cavalo com puçá,2020-02-26,16:41:00,27.9,94,6E,MARLON,Chuva
Tabanus antarcticus,F,P1 - Argeu,10°28’26.9”S ,63°15’18.1”W,Mata beira do rio,Fevereiro,Cavalo com puçá,2020-02-26,16:42:00,27.9,94,6D,MARLON,Chuva
Tabanus antarcticus,F,P1 - Argeu,10°28’26.9”S ,63°15’18.1”W,Mata beira do rio,Fevereiro,Cavalo com puçá,2020-02-26,16:43:00,27.9,94,7D,MARLON,Chuva
Tabanus antarcticus,F,P1 - Argeu,10°28’26.9”S ,63°15’18.1”W,Mata beira do rio,Fevereiro,Cavalo com puçá,2020-02-26,16:54:00,28,93,8D,MARLON,Chuva
Tabanus antarcticus,F,P1 - Argeu,10°28’26.9”S ,63°15’18.1”W,Mata beira do rio,Fevereiro,Cavalo com puçá,2020-02-26,17:01:00,27.5,94,6E,CAUÃ,Chuva
Tabanus antarcticus,F,P1 - Argeu,10°28’26.9”S ,63°15’18.1”W,Mata beira do rio,Fevereiro,Cavalo com puçá,2020-02-26,17:09:00,27.8,95,7E,CAUÃ,Chuva
Tabanus antarcticus,F,P1 - Argeu,10°28’26.9”S ,63°15’18.1”W,Mata beira do rio,Fevereiro,Cavalo com puçá,2020-02-26,17:11:00,27.7,95,7E,CAUÃ,Chuva
Tabanus antarcticus,F,P1 - Argeu,10°28’26.9”S ,63°15’18.1”W,Mata beira do rio,Fevereiro,Cavalo com puçá,2020-02-26,17:12:00,27.7,95,8E,CAUÃ,Chuva
Tabanus antarcticus,F,P1 - Argeu,10°28’26.9”S ,63°15’18.1”W,Mata beira do rio,Fevereiro,Cavalo com puçá,2020-02-26,17:13:00,27.8,96,8E,CAUÃ,Chuva
Tabanus antarcticus,F,P1 - Argeu,10°28’26.9”S ,63°15’18.1”W,Mata beira do rio,Fevereiro,Cavalo com puçá,2020-02-26,17:13:00,27.8,96,8E,CAUÃ,Chuva
Tabanus antarcticus,F,P1 - Argeu,10°28’26.9”S ,63°15’18.1”W,Mata beira do rio,Fevereiro,Cavalo com puçá,2020-02-26,17:14:00,27.5,96,7D,CAUÃ,Chuva
Tabanus antarcticus,F,P1 - Argeu,10°28’26.9”S ,63°15’18.1”W,Mata beira do rio,Fevereiro,Cavalo com puçá,2020-02-26,17:15:00,27.8,96,8E,CAUÃ,Chuva
Tabanus antarcticus,F,P1 - Argeu,10°28’26.9”S ,63°15’18.1”W,Mata beira do rio,Fevereiro,Cavalo com puçá,2020-02-26,17:16:00,27.8,96,7E,CAUÃ,Chuva
Tabanus antarcticus,F,P1 - Argeu,10°28’26.9”S ,63°15’18.1”W,Mata beira do rio,Fevereiro,Cavalo com puçá,2020-02-26,17:18:00,27.8,95,7E,CAUÃ,Chuva
Tabanus antarcticus,F,P1 - Argeu,10°28’26.9”S ,63°15’18.1”W,Mata beira do rio,Fevereiro,Cavalo com puçá,2020-02-26,17:18:00,27.8,95,7E,CAUÃ,Chuva
Tabanus antarcticus,F,P1 - Argeu,10°28’26.9”S ,63°15’18.1”W,Mata beira do rio,Fevereiro,Cavalo com puçá,2020-02-26,17:19:00,27.8,95,6E,CAUÃ,Chuva
Tabanus antarcticus,F,P1 - Argeu,10°28’26.9”S ,63°15’18.1”W,Mata beira do rio,Fevereiro,Cavalo com puçá,2020-02-26,17:19:00,27.8,95,6D,CAUÃ,Chuva
Tabanus antarcticus,F,P1 - Argeu,10°28’26.9”S ,63°15’18.1”W,Mata beira do rio,Fevereiro,Cavalo com puçá,2020-02-26,17:21:00,27.8,95,6E,CAUÃ,Chuva
Tabanus antarcticus,F,P1 - Argeu,10°28’26.9”S ,63°15’18.1”W,Mata beira do rio,Fevereiro,Cavalo com puçá,2020-02-26,17:22:00,27.7,95,6E,CAUÃ,Chuva
Tabanus antarcticus,F,P1 - Argeu,10°28’26.9”S ,63°15’18.1”W,Mata beira do rio,Fevereiro,Cavalo com puçá,2020-02-26,17:24:00,27.7,95,12D,CAUÃ,Chuva
Tabanus antarcticus,F,P1 - Argeu,10°28’26.9”S ,63°15’18.1”W,Mata beira do rio,Fevereiro,Cavalo com puçá,2020-02-26,17:25:00,27.7,95,6D,CAUÃ,Chuva
Tabanus antarcticus,F,P1 - Argeu,10°28’26.9”S ,63°15’18.1”W,Mata beira do rio,Fevereiro,Cavalo com puçá,2020-02-26,17:26:00,27.7,95,7D,CAUÃ,Chuva
Tabanus antarcticus,F,P1 - Argeu,10°28’26.9”S ,63°15’18.1”W,Mata beira do rio,Fevereiro,Cavalo com puçá,2020-02-26,17:26:00,27.7,96,6D,CAUÃ,Chuva
Tabanus antarcticus,F,P1 - Argeu,10°28’26.9”S ,63°15’18.1”W,Mata beira do rio,Fevereiro,Cavalo com puçá,2020-02-26,17:27:00,27.7,96,8D,CAUÃ,Chuva
Tabanus antarcticus,F,P1 - Argeu,10°28’26.9”S ,63°15’18.1”W,Mata beira do rio,Fevereiro,Cavalo com puçá,2020-02-26,17:28:00,27.7,96,8D,CAUÃ,Chuva
Tabanus antarcticus,F,P1 - Argeu,10°28’26.9”S ,63°15’18.1”W,Mata beira do rio,Fevereiro,Cavalo com puçá,2020-02-26,17:29:00,27.7,96,6D,CAUÃ,Chuva
Tabanus antarcticus,F,P1 - Argeu,10°28’26.9”S ,63°15’18.1”W,Mata beira do rio,Fevereiro,Cavalo com puçá,2020-02-26,17:31:00,27.7,96,7D,CAUÃ,Chuva
Tabanus antarcticus,F,P1 - Argeu,10°28’26.9”S ,63°15’18.1”W,Mata beira do rio,Fevereiro,Cavalo com puçá,2020-02-26,17:31:00,27.7,96,6D,CAUÃ,Chuva
Tabanus antarcticus,F,P1 - Argeu,10°28’26.9”S ,63°15’18.1”W,Mata beira do rio,Fevereiro,Cavalo com puçá,2020-02-26,17:32:00,27.7,96,6E,CAUÃ,Chuva
Tabanus discus,F,P1 - Argeu,10°28’26.9”S ,63°15’18.1”W,Mata beira do rio,Fevereiro,Cavalo com puçá,2020-02-26,17:33:00,27.7,96,6D,CAUÃ,Chuva
Tabanus antarcticus,F,P1 - Argeu,10°28’26.9”S ,63°15’18.1”W,Mata beira do rio,Fevereiro,Cavalo com puçá,2020-02-26,17:34:00,27.7,96,7D,CAUÃ,Chuva
Tabanus antarcticus,F,P1 - Argeu,10°28’26.9”S ,63°15’18.1”W,Mata beira do rio,Fevereiro,Cavalo com puçá,2020-02-26,17:34:00,27.7,96,6D,CAUÃ,Chuva
Tabanus antarcticus,F,P1 - Argeu,10°28’26.9”S ,63°15’18.1”W,Mata beira do rio,Fevereiro,Cavalo com puçá,2020-02-26,17:35:00,27.7,96,7D,CAUÃ,Chuva
Tabanus antarcticus,F,P1 - Argeu,10°28’26.9”S ,63°15’18.1”W,Mata beira do rio,Fevereiro,Cavalo com puçá,2020-02-26,17:37:00,27.6,96,6E,CAUÃ,Chuva
Tabanus antarcticus,F,P1 - Argeu,10°28’26.9”S ,63°15’18.1”W,Mata beira do rio,Fevereiro,Cavalo com puçá,2020-02-26,17:38:00,27.3,93,6E,CAUÃ,Chuva
Tabanus antarcticus,F,P1 - Argeu,10°28’26.9”S ,63°15’18.1”W,Mata beira do rio,Fevereiro,Cavalo com puçá,2020-02-26,17:39:00,27.2,91,7D,CAUÃ,Chuva
Tabanus antarcticus,F,P1 - Argeu,10°28’26.9”S ,63°15’18.1”W,Mata beira do rio,Fevereiro,Cavalo com puçá,2020-02-26,17:40:00,27.2,91,6E,CAUÃ,Chuva
Tabanus antarcticus,F,P1 - Argeu,10°28’26.9”S ,63°15’18.1”W,Mata beira do rio,Fevereiro,Cavalo com puçá,2020-02-26,17:41:00,27.2,93,7D,CAUÃ,Chuva
Tabanus antarcticus,F,P1 - Argeu,10°28’26.9”S ,63°15’18.1”W,Mata beira do rio,Fevereiro,Cavalo com puçá,2020-02-26,17:42:00,27.3,93,7D,CAUÃ,Chuva
Tabanus antarcticus,F,P1 - Argeu,10°28’26.9”S ,63°15’18.1”W,Mata beira do rio,Fevereiro,Cavalo com puçá,2020-02-26,17:43:00,27.3,94,6E,CAUÃ,Chuva
Tabanus antarcticus,F,P1 - Argeu,10°28’26.9”S ,63°15’18.1”W,Mata beira do rio,Fevereiro,Cavalo com puçá,2020-02-26,17:46:00,27.3,96,8D,MARLON,Chuva
Tabanus antarcticus,F,P1 - Argeu,10°28’26.9”S ,63°15’18.1”W,Mata beira do rio,Fevereiro,Cavalo com puçá,2020-02-26,17:46:00,27.3,96,8D,MARLON,Chuva
Tabanus antarcticus,F,P1 - Argeu,10°28’26.9”S ,63°15’18.1”W,Mata beira do rio,Fevereiro,Cavalo com puçá,2020-02-26,17:47:00,27.4,96,7E,MARLON,Chuva
Tabanus antarcticus,F,P1 - Argeu,10°28’26.9”S ,63°15’18.1”W,Mata beira do rio,Fevereiro,Cavalo com puçá,2020-02-26,17:48:00,27.4,98,7D,MARLON,Chuva
Tabanus antarcticus,F,P1 - Argeu,10°28’26.9”S ,63°15’18.1”W,Mata beira do rio,Fevereiro,Cavalo com puçá,2020-02-26,17:48:00,27.4,98,7D,MARLON,Chuva
Tabanus antarcticus,F,P1 - Argeu,10°28’26.9”S ,63°15’18.1”W,Mata beira do rio,Fevereiro,Cavalo com puçá,2020-02-26,17:50:00,27.3,98,9E,MARLON,Chuva
Tabanus antarcticus,F,P1 - Argeu,10°28’26.9”S ,63°15’18.1”W,Mata beira do rio,Fevereiro,Cavalo com puçá,2020-02-26,17:50:00,27.3,98,8E,MARLON,Chuva
Tabanus antarcticus,F,P1 - Argeu,10°28’26.9”S ,63°15’18.1”W,Mata beira do rio,Fevereiro,Cavalo com puçá,2020-02-26,17:53:00,27.3,98,6E,MARLON,Chuva
Tabanus antarcticus,F,P1 - Argeu,10°28’26.9”S ,63°15’18.1”W,Mata beira do rio,Fevereiro,Cavalo com puçá,2020-02-26,17:54:00,27.3,98,6E,MARLON,Chuva
Tabanus antarcticus,F,P5-Neucivaldo,10°06’21.4”S ,63°16’55.7”W,Mata beira do rio,Maio,Cavalo com puçá,2020-05-22,06:15:00,25.3,78,8D,CAUÃ,Chuva
Tabanus antarcticus,F,P5-Neucivaldo,10°06’21.4”S ,63°16’55.7”W,Mata beira do rio,Maio,Cavalo com puçá,2020-05-22,06:30:00,25.8,78,9E,CAUÃ,Chuva
Tabanus antarcticus,F,P5-Neucivaldo,10°06’21.4”S ,63°16’55.7”W,Mata beira do rio,Maio,Cavalo com puçá,2020-05-22,07:39:00,24.4,82,7E,CAUA,Chuva
Tabanus antarcticus,F,P5-Neucivaldo,10°06’21.4”S ,63°16’55.7”W,Mata beira do rio,Maio,Cavalo com puçá,2020-05-22,11:00:00,27.7,77,1D,MARLON,Chuva
Tabanus antarcticus,F,P5-Neucivaldo,10°06’21.4”S ,63°16’55.7”W,Mata beira do rio,Maio,Cavalo com puçá,2020-05-22,11:07:00,27.8,77,1D,MARLON,Chuva
Tabanus antarcticus,F,P5-Neucivaldo,10°06’21.4”S ,63°16’55.7”W,Mata beira do rio,Maio,Cavalo com puçá,2020-05-22,11:11:00,27.9,77,1D,MARLON,Chuva
Tabanus antarcticus,F,P5-Neucivaldo,10°06’21.4”S ,63°16’55.7”W,Mata beira do rio,Maio,Cavalo com puçá,2020-05-22,11:14:00,27.8,77,1D,CAUÃ,Chuva
Tabanus antarcticus,F,P5-Neucivaldo,10°06’21.4”S ,63°16’55.7”W,Mata beira do rio,Maio,Cavalo com puçá,2020-05-22,11:40:00,28.2,77,7D,CAUÃ,Chuva
Tabanus antarcticus,F,P5-Neucivaldo,10°06’21.4”S ,63°16’55.7”W,Mata beira do rio,Maio,Cavalo com puçá,2020-05-22,11:59:00,28.3,75,6E,CAUÃ,Chuva
Tabanus antarcticus,F,P5-Neucivaldo,10°06’21.4”S ,63°16’55.7”W,Mata beira do rio,Maio,Cavalo com puçá,2020-05-22,12:22:00,29,74,12,CAUÃ,Chuva
Tabanus rubripes,F,P5-Neucivaldo,10°06’21.4”S ,63°16’55.7”W,Mata beira do rio,Maio,Cavalo com puçá,2020-05-22,12:36:00,29.3,71,7E,CAUÃ,Chuva
Tabanus rubripes,F,P5-Neucivaldo,10°06’21.4”S ,63°16’55.7”W,Mata beira do rio,Maio,Cavalo com puçá,2020-05-22,12:40:00,29.4,71,7E,CAUÃ,Chuva
Tabaus occidentalis var. modestus,F,P5-Neucivaldo,10°06’21.4”S ,63°16’55.7”W,Mata beira do rio,Maio,Cavalo com puçá,2020-05-22,12:56:00,29.4,68,8E,MARLON,Chuva
Pityocera pernaquila,F,P5-Neucivaldo,10°06’21.4”S ,63°16’55.7”W,Mata beira do rio,Maio,Cavalo com puçá,2020-05-22,12:56:00,29.5,69,1E,CAUÃ,Chuva
Pityocera pernaquila,F,P5-Neucivaldo,10°06’21.4”S ,63°16’55.7”W,Mata beira do rio,Maio,Cavalo com puçá,2020-05-22,12:57:00,29.3,69,1E,CAUÃ,Chuva
Pityocera pernaquila,F,P5-Neucivaldo,10°06’21.4”S ,63°16’55.7”W,Mata beira do rio,Maio,Cavalo com puçá,2020-05-22,12:58:00,29.3,68,1E,CAUÃ,Chuva
Pityocera pernaquila,F,P5-Neucivaldo,10°06’21.4”S ,63°16’55.7”W,Mata beira do rio,Maio,Cavalo com puçá,2020-05-22,13:02:00,29.3,68,13,CAUÃ,Chuva
Tabanus antarcticus,F,P5-Neucivaldo,10°06’21.4”S ,63°16’55.7”W,Mata beira do rio,Maio,Cavalo com puçá,2020-05-22,13:05:00,29.2,68,1D,CAUÃ,Chuva
Tabanus occidentalis var. modestus,F,P5-Neucivaldo,10°06’21.4”S ,63°16’55.7”W,Mata beira do rio,Maio,Cavalo com puçá,2020-05-22,13:08:00,29.2,68,1D,MARLON,Chuva
Tabanus piceiventris,F,P5-Neucivaldo,10°06’21.4”S ,63°16’55.7”W,Mata beira do rio,Maio,Cavalo com puçá,2020-05-22,13:09:00,29.2,69,7E,MARLON,Chuva
Tabanus occidentalis var. ?dorsovittatus,F,P5-Neucivaldo,10°06’21.4”S ,63°16’55.7”W,Mata beira do rio,Maio,Cavalo com puçá,2020-05-22,13:09:00,29.2,68,1D,MARLON,Chuva
Tabanus piceiventris,F,P5-Neucivaldo,10°06’21.4”S ,63°16’55.7”W,Mata beira do rio,Maio,Cavalo com puçá,2020-05-22,13:12:00,29.1,69,1D,MARLON,Chuva
Dichelacera cervicornis,F,P5-Neucivaldo,10°06’21.4”S ,63°16’55.7”W,Mata beira do rio,Maio,Cavalo com puçá,2020-05-22,13:14:00,29.2,70,1D,CAUÃ ,Chuva
Pityocera pernaquila,F,P5-Neucivaldo,10°06’21.4”S ,63°16’55.7”W,Mata beira do rio,Maio,Cavalo com puçá,2020-05-22,15:53:00,28.6,74,12,MARLON,Chuva
Pityocera pernaquila,F,P5-Neucivaldo,10°06’21.4”S ,63°16’55.7”W,Mata beira do rio,Maio,Cavalo com puçá,2020-05-22,16:01:00,28.2,76,9D,MARLON,Chuva
Pityocera pernaquila,F,P5-Neucivaldo,10°06’21.4”S ,63°16’55.7”W,Mata beira do rio,Maio,Cavalo com puçá,2020-05-22,16:04:00,28,75,9D,CAUÃ,Chuva
Pityocera pernaquila,F,P5-Neucivaldo,10°06’21.4”S ,63°16’55.7”W,Mata beira do rio,Maio,Cavalo com puçá,2020-05-22,16:07:00,27.8,77,3,MARLON,Chuva
Pityocera pernaquila,F,P5-Neucivaldo,10°06’21.4”S ,63°16’55.7”W,Mata beira do rio,Maio,Cavalo com puçá,2020-05-22,16:24:00,27.9,77,12E,CAUÃ,Chuva
Pityocera pernaquila,F,P5-Neucivaldo,10°06’21.4”S ,63°16’55.7”W,Mata beira do rio,Maio,Cavalo com puçá,2020-05-22,16:42:00,27.8,76,8D,CAUÃ,Chuva
Dichelacera cervicornis,F,P5-Neucivaldo,10°06’21.4”S ,63°16’55.7”W,Mata beira do rio,Maio,Cavalo com puçá,2020-05-22,16:43:00,27.8,76,8E,CAUÃ,Chuva
Pityocera pernaquila,F,P5-Neucivaldo,10°06’21.4”S ,63°16’55.7”W,Mata beira do rio,Maio,Cavalo com puçá,2020-05-22,16:48:00,27.8,76,6E,CAUA,Chuva
Pityocera pernaquila,F,P5-Neucivaldo,10°06’21.4”S ,63°16’55.7”W,Mata beira do rio,Maio,Cavalo com puçá,2020-05-22,16:54:00,27.8,79,6E,CAUÃ ,Chuva
Chrysops variegatus,F,P5-Neucivaldo,10°06’21.4”S ,63°16’55.7”W,Mata beira do rio,Maio,Cavalo com puçá,2020-05-22,16:55:00,27.8,79,7E,CAUÃ ,Chuva
Tabanus mucronatus,F,P5-Neucivaldo,10°06’21.4”S ,63°16’55.7”W,Mata beira do rio,Maio,Cavalo com puçá,2020-05-22,16:55:00,27.8,79,6D,CAUÃ ,Chuva
Tabanus antarcticus,F,P5-Neucivaldo,10°06’21.4”S ,63°16’55.7”W,Mata beira do rio,Maio,Cavalo com puçá,2020-05-22,16:56:00,27.7,79,7D,MARLON,Chuva
Tabanus occidentalis,F,P5-Neucivaldo,10°06’21.4”S ,63°16’55.7”W,Mata beira do rio,Maio,Cavalo com puçá,2020-05-22,17:03:00,27.5,81,7D,MARLON,Chuva
Pityocera pernaquila,F,P5-Neucivaldo,10°06’21.4”S ,63°16’55.7”W,Mata beira do rio,Maio,Cavalo com puçá,2020-05-22,17:04:00,27.5,81,7E,MARLON,Chuva
Tabanus rubripes,F,P5-Neucivaldo,10°06’21.4”S ,63°16’55.7”W,Mata beira do rio,Maio,Cavalo com puçá,2020-05-22,17:06:00,27.5,80,6E,MARLON,Chuva
Tabaus antarcticus,F,P5-Neucivaldo,10°06’21.4”S ,63°16’55.7”W,Mata beira do rio,Maio,Cavalo com puçá,2020-05-22,17:07:00,27.5,80,12,MARLON,Chuva
Tabaus antarcticus,F,P5-Neucivaldo,10°06’21.4”S ,63°16’55.7”W,Mata beira do rio,Maio,Cavalo com puçá,2020-05-22,17:09:00,27.5,80,8D,MARLON,Chuva
Tabaus antarcticus,F,P5-Neucivaldo,10°06’21.4”S ,63°16’55.7”W,Mata beira do rio,Maio,Cavalo com puçá,2020-05-22,17:10:00,27.5,80,6E,MARLON,Chuva
Tabaus antarcticus,F,P5-Neucivaldo,10°06’21.4”S ,63°16’55.7”W,Mata beira do rio,Maio,Cavalo com puçá,2020-05-22,17:11:00,27.5,80,6E,MARLON,Chuva
Tabaus antarcticus,F,P5-Neucivaldo,10°06’21.4”S ,63°16’55.7”W,Mata beira do rio,Maio,Cavalo com puçá,2020-05-22,17:12:00,27.5,80,6E,MARLON,Chuva
Tabaus antarcticus,F,P5-Neucivaldo,10°06’21.4”S ,63°16’55.7”W,Mata beira do rio,Maio,Cavalo com puçá,2020-05-22,17:13:00,27.4,80,7D,MARLON,Chuva
Tabaus antarcticus,F,P5-Neucivaldo,10°06’21.4”S ,63°16’55.7”W,Mata beira do rio,Maio,Cavalo com puçá,2020-05-22,17:15:00,27.4,80,9D,MARLON,Chuva
Tabaus antarcticus,F,P5-Neucivaldo,10°06’21.4”S ,63°16’55.7”W,Mata beira do rio,Maio,Cavalo com puçá,2020-05-22,17:16:00,27.5,80,9D,MARLON,Chuva
Tabaus antarcticus,F,P5-Neucivaldo,10°06’21.4”S ,63°16’55.7”W,Mata beira do rio,Maio,Cavalo com puçá,2020-05-22,17:20:00,27.4,80,12,MARLON,Chuva
Tabaus antarcticus,F,P5-Neucivaldo,10°06’21.4”S ,63°16’55.7”W,Mata beira do rio,Maio,Cavalo com puçá,2020-05-22,17:21:00,27.5,80,7E,MARLON,Chuva
Tabaus antarcticus,F,P5-Neucivaldo,10°06’21.4”S ,63°16’55.7”W,Mata beira do rio,Maio,Cavalo com puçá,2020-05-22,17:22:00,27.5,80,7D,MARLON,Chuva
Tabaus antarcticus,F,P5-Neucivaldo,10°06’21.4”S ,63°16’55.7”W,Mata beira do rio,Maio,Cavalo com puçá,2020-05-22,17:25:00,27.4,80,6E,MARLON,Chuva
Tabaus antarcticus,F,P5-Neucivaldo,10°06’21.4”S ,63°16’55.7”W,Mata beira do rio,Maio,Cavalo com puçá,2020-05-22,17:26:00,27.4,80,7E,MARLON,Chuva
Tabaus antarcticus,F,P5-Neucivaldo,10°06’21.4”S ,63°16’55.7”W,Mata beira do rio,Maio,Cavalo com puçá,2020-05-22,17:29:00,27.3,80,7E,MARLON,Chuva
Tabaus antarcticus,F,P5-Neucivaldo,10°06’21.4”S ,63°16’55.7”W,Mata beira do rio,Maio,Cavalo com puçá,2020-05-22,17:30:00,27.4,80,7E,MARLON,Chuva
Tabaus antarcticus,F,P5-Neucivaldo,10°06’21.4”S ,63°16’55.7”W,Mata beira do rio,Maio,Cavalo com puçá,2020-05-22,17:32:00,27.3,80,12,MARLON,Chuva
Tabaus antarcticus,F,P5-Neucivaldo,10°06’21.4”S ,63°16’55.7”W,Mata beira do rio,Maio,Cavalo com puçá,2020-05-22,17:33:00,27.3,80,7E,MARLON,Chuva
Tabaus antarcticus,F,P5-Neucivaldo,10°06’21.4”S ,63°16’55.7”W,Mata beira do rio,Maio,Cavalo com puçá,2020-05-22,17:34:00,27.3,80,6E,MARLON,Chuva
Tabaus antarcticus,F,P5-Neucivaldo,10°06’21.4”S ,63°16’55.7”W,Mata beira do rio,Maio,Cavalo com puçá,2020-05-22,17:35:00,27.3,80,6D,MARLON,Chuva
Tabaus antarcticus,F,P5-Neucivaldo,10°06’21.4”S ,63°16’55.7”W,Mata beira do rio,Maio,Cavalo com puçá,2020-05-22,17:37:00,27.3,80,6D,MARLON,Chuva
Tabaus antarcticus,F,P5-Neucivaldo,10°06’21.4”S ,63°16’55.7”W,Mata beira do rio,Maio,Cavalo com puçá,2020-05-22,17:38:00,27.2,80,6D,MARLON,Chuva
Tabaus antarcticus,F,P5-Neucivaldo,10°06’21.4”S ,63°16’55.7”W,Mata beira do rio,Maio,Cavalo com puçá,2020-05-22,17:40:00,27.2,80,7D,MARLON,Chuva
Tabaus antarcticus,F,P5-Neucivaldo,10°06’21.4”S ,63°16’55.7”W,Mata beira do rio,Maio,Cavalo com puçá,2020-05-22,17:45:00,27.2,80,5E,CAUÃ,Chuva
Tabaus antarcticus,F,P5-Neucivaldo,10°06’21.4”S ,63°16’55.7”W,Mata beira do rio,Maio,Cavalo com puçá,2020-05-22,17:47:00,27.3,80,7D,CAUÃ,Chuva
Tabaus antarcticus,F,P5-Neucivaldo,10°06’21.4”S ,63°16’55.7”W,Mata beira do rio,Maio,Cavalo com puçá,2020-05-22,17:48:00,27.1,80,7D,CAUÃ,Chuva
Tabaus antarcticus,F,P5-Neucivaldo,10°06’21.4”S ,63°16’55.7”W,Mata beira do rio,Maio,Cavalo com puçá,2020-05-22,17:49:00,27.1,80,6D,CAUÃ,Chuva
Tabaus antarcticus,F,P5-Neucivaldo,10°06’21.4”S ,63°16’55.7”W,Mata beira do rio,Maio,Cavalo com puçá,2020-05-22,17:50:00,27.1,80,12,CAUÃ,Chuva
Tabaus antarcticus,F,P5-Neucivaldo,10°06’21.4”S ,63°16’55.7”W,Mata beira do rio,Maio,Cavalo com puçá,2020-05-22,17:56:00,27.1,79,7D,MARLON,Chuva
Tabaus antarcticus,F,P5-Neucivaldo,10°06’21.4”S ,63°16’55.7”W,Mata beira do rio,Maio,Cavalo com puçá,2020-05-22,17:58:00,27.1,79,7D,MARLON,Chuva
Tabaus antarcticus,F,P5-Neucivaldo,10°06’21.4”S ,63°16’55.7”W,Mata beira do rio,Maio,Cavalo com puçá,2020-05-23,06:20:00,25,80,3,CAUÃ,Chuva
Tabaus antarcticus,F,P5-Neucivaldo,10°06’21.4”S ,63°16’55.7”W,Mata beira do rio,Maio,Cavalo com puçá,2020-05-24,06:52:00,25,83,6E,CAUÃ,Chuva
Tabaus antarcticus,F,P5-Neucivaldo,10°06’21.4”S ,63°16’55.7”W,Mata beira do rio,Maio,Cavalo com puçá,2020-05-25,07:02:00,25,84,7D,CAUÃ,Chuva
Tabaus antarcticus,F,P5-Neucivaldo,10°06’21.4”S ,63°16’55.7”W,Mata beira do rio,Maio,Cavalo com puçá,2020-05-26,07:11:00,25.1,84,7E,CAUÃ,Chuva
Tabaus antarcticus,F,P5-Neucivaldo,10°06’21.4”S ,63°16’55.7”W,Mata beira do rio,Maio,Cavalo com puçá,2020-05-27,07:31:00,22.1,83,6E,MARLON,Chuva
Tabaus antarcticus,F,P1 - Argeu,10°28’26.9”S ,63°15’18.1”W,Mata beira do rio,Junho ,Cavalo com puçá,2020-06-04,07:13:00,21.9,81,6D,MARLON,Seca
Tabaus antarcticus,F,P1 - Argeu,10°28’26.9”S ,63°15’18.1”W,Mata beira do rio,Junho ,Cavalo com puçá,2020-06-04,11:24:00,25.4,73,6D,MARLON,Seca
Tabaus antarcticus,F,P1 - Argeu,10°28’26.9”S ,63°15’18.1”W,Mata beira do rio,Junho ,Cavalo com puçá,2020-06-04,11:49:00,25.9,72,7E,MARLON,Seca
Tabaus antarcticus,F,P1 - Argeu,10°28’26.9”S ,63°15’18.1”W,Mata beira do rio,Junho ,Cavalo com puçá,2020-06-04,16:07:00,27.3,76,6,CAUÃ,Seca
Tabaus antarcticus,F,P1 - Argeu,10°28’26.9”S ,63°15’18.1”W,Mata beira do rio,Junho ,Cavalo com puçá,2020-06-04,16:18:00,27.5,75,1D,CAUÃ,Seca
Tabanus rubripes,F,P1 - Argeu,10°28’26.9”S ,63°15’18.1”W,Mata beira do rio,Junho ,Cavalo com puçá,2020-06-04,16:40:00,27.3,77,6E,CAUÃ,Seca
Tabanus antarcticus,F,P1 - Argeu,10°28’26.9”S ,63°15’18.1”W,Mata beira do rio,Junho ,Cavalo com puçá,2020-06-04,17:18:00,26.7,80,1E,MARLON,Seca
Tabanus antarcticus,F,P1 - Argeu,10°28’26.9”S ,63°15’18.1”W,Mata beira do rio,Junho ,Cavalo com puçá,2020-06-04,17:22:00,26.5,80,1D,MARLON,Seca
Tabanus antarcticus,F,P1 - Argeu,10°28’26.9”S ,63°15’18.1”W,Mata beira do rio,Junho ,Cavalo com puçá,2020-06-04,17:33:00,26.5,80,7E,MARLON,Seca
Tabanus occidentalis,F,P1 - Argeu,10°28’26.9”S ,63°15’18.1”W,Mata beira do rio,Junho ,Cavalo com puçá,2020-06-04,17:41:00,26.3,81,6D,MARLON,Seca
Tabanus rubripes,F,P1 - Argeu,10°28’26.9”S ,63°15’18.1”W,Mata beira do rio,Junho ,Cavalo com puçá,2020-06-04,17:47:00,26.2,81,9D,MARLON,Seca
Tabanus occidentalis var. dorsovittatus,F,P1 - Argeu,10°28’26.9”S ,63°15’18.1”W,Mata beira do rio,Junho ,Cavalo com puçá,2020-06-05,12:20:00,27,68,1E,TALLITA,Seca
Tabanus occidentalis var. modestus,F,P1 - Argeu,10°28’26.9”S ,63°15’18.1”W,Mata beira do rio,Junho ,Cavalo com puçá,2020-06-05,16:30:00,27.5,73,7D,TALLITA,Seca
Tabanus occidentalis var. modestus,F,P1 - Argeu,10°28’26.9”S ,63°15’18.1”W,Mata beira do rio,Junho ,Cavalo com puçá,2020-06-05,17:05:00,27.2,73,1E,TALLITA,Seca
Chrysops variegatus,F,P1 - Argeu,10°28’26.9”S ,63°15’18.1”W,Mata beira do rio,Junho ,Cavalo com puçá,2020-06-05,17:10:00,27.2,73,8D,TALLITA,Seca
Tabanus antarcticus,F,P1 - Argeu,10°28’26.9”S ,63°15’18.1”W,Mata beira do rio,Junho ,Cavalo com puçá,2020-06-05,17:39:00,26.5,77,1D,TALLITA,Seca
Chrysops variegatus,F,P1 - Argeu,10°28’26.9”S ,63°15’18.1”W,Mata beira do rio,Junho ,Cavalo com puçá,2020-06-05,17:40:00,26.5,77,6E,TALLITA,Seca
Chrysops variegatus,F,P1 - Argeu,10°28’26.9”S ,63°15’18.1”W,Mata beira do rio,Junho ,Cavalo com puçá,2020-06-05,17:41:00,26.5,77,6D,TALLITA,Seca
Leucotabanus albovarius,F,P1 - Argeu,10°28’26.9”S ,63°15’18.1”W,Mata beira do rio,Junho ,Cavalo com puçá,2020-06-05,17:43:00,26.5,77,6E,TALLITA,Seca
