Código,Espécie,Local de pouso,Local de pouso,Sexo,Data da captura,Hora de captura,Temperatura (°C),Umidade (%),Localidade,Latitude,Longitude,Ambiente,Mês,Armadilha,Coletadores,Observações Augusto
PTC 001,Tabanus occidentalis,6 E,Perna dianteira,F,16.viii.2019,9:30,"28,7",49,P1 - Argeu,10°28’26.9”S ,63°15’18.1”W,Mata beira do rio,Agosto,Cavalo com puçá,MARLON,
PTC 002,Tabanus occidentalis var. dorsovittatus,6 E,Perna dianteira,F,16.viii.2019,9:39,29,49,P1 - Argeu,10°28’26.9”S ,63°15’18.1”W,Mata beira do rio,Agosto,Cavalo com puçá,MARLON,
PTC 003,Stypommisa aripuana,7 E,Perna traseira,F,16.viii.2019,9:47,"29,1",49,P1 - Argeu,10°28’26.9”S ,63°15’18.1”W,Mata beira do rio,Agosto,Cavalo com puçá,MARLON,
PTC 004,Tabanus occidentalis var. modestus,6 D,Perna dianteira,F,16.viii.2019,10:39,"29,4",49,P1 - Argeu,10°28’26.9”S ,63°15’18.1”W,Mata beira do rio,Agosto,Cavalo com puçá,TALLITA,
PTC 005,Tabanus dorsorufus,7 D,Perna traseira,F,16.viii.2019,10:54,"29,1",49,P1 - Argeu,10°28’26.9”S ,63°15’18.1”W,Mata beira do rio,Agosto,Cavalo com puçá,TALLITA,
PTC 006,Stypommisa aripuana,6 E,Perna dianteira,F,16.viii.2019,11:15,29,50,P1 - Argeu,10°28’26.9”S ,63°15’18.1”W,Mata beira do rio,Agosto,Cavalo com puçá,MARLON,
PTC 007,Stypommisa aripuana,6 D,Perna dianteira,F,16.viii.2019,11:42,"29,5",50,P1 - Argeu,10°28’26.9”S ,63°15’18.1”W,Mata beira do rio,Agosto,Cavalo com puçá,MARLON,
PTC 008,Stypommisa aripuana,6 E,Perna dianteira,F,16.viii.2019,11:49,"29,7",50,P1 - Argeu,10°28’26.9”S ,63°15’18.1”W,Mata beira do rio,Agosto,Cavalo com puçá,MARLON,
PTC 009,Stypommisa aripuana,7 D,Perna traseira,F,16.viii.2019,12:04,"29,9",48,P1 - Argeu,10°28’26.9”S ,63°15’18.1”W,Mata beira do rio,Agosto,Cavalo com puçá,MARLON,
PTC 010,Stypommisa aripuana,6 D,Perna dianteira,F,16.viii.2019,12:16,"29,9",43,P1 - Argeu,10°28’26.9”S ,63°15’18.1”W,Mata beira do rio,Agosto,Cavalo com puçá,MARLON,
PTC 011,Stypommisa aripuana,7 E,Perna traseira,F,16.viii.2019,12:35,"30,1",43,P1 - Argeu,10°28’26.9”S ,63°15’18.1”W,Mata beira do rio,Agosto,Cavalo com puçá,TALLITA,
PTC 012,Stypommisa aripuana,12 D,Barriga,F,16.viii.2019,12:52,"30,3",47,P1 - Argeu,10°28’26.9”S ,63°15’18.1”W,Mata beira do rio,Agosto,Cavalo com puçá,TALLITA,
PTC 013,Tabanus ?fuscofasciatus,6 D,Perna dianteira,F,16.viii.2019,13:10,"30,6",47,P1 - Argeu,10°28’26.9”S ,63°15’18.1”W,Mata beira do rio,Agosto,Cavalo com puçá,MARLON,
PTC 014,Stypommisa aripuana,6 D,Perna dianteira,F,16.viii.2019,13:13,"30,9",44,P1 - Argeu,10°28’26.9”S ,63°15’18.1”W,Mata beira do rio,Agosto,Cavalo com puçá,MARLON,
PTC 015,Stypommisa aripuana,12 E,Barriga,F,16.viii.2019,13:26,"31,2",43,P1 - Argeu,10°28’26.9”S ,63°15’18.1”W,Mata beira do rio,Agosto,Cavalo com puçá,MARLON,
PTC 016,Stypommisa aripuana,12 E,Barriga,F,16.viii.2019,13:36,"31,3",44,P1 - Argeu,10°28’26.9”S ,63°15’18.1”W,Mata beira do rio,Agosto,Cavalo com puçá,MARLON,
PTC 017,Stypommisa aripuana,8 D,Perna traseira,F,16.viii.2019,13:40,"31,3",44,P1 - Argeu,10°28’26.9”S ,63°15’18.1”W,Mata beira do rio,Agosto,Cavalo com puçá,MARLON,
PTC 018,Stypommisa aripuana,12 E,Barriga,F,16.viii.2019,13:45,"31,7",42,P1 - Argeu,10°28’26.9”S ,63°15’18.1”W,Mata beira do rio,Agosto,Cavalo com puçá,MARLON,
PTC 019,Stypommisa aripuana,8 E,Perna traseira,F,16.viii.2019,13:48,"31,7",42,P1 - Argeu,10°28’26.9”S ,63°15’18.1”W,Mata beira do rio,Agosto,Cavalo com puçá,MARLON,
PTC 020,Stypommisa aripuana,7 E,Perna traseira,F,16.viii.2019,14:13,"32,2",44,P1 - Argeu,10°28’26.9”S ,63°15’18.1”W,Mata beira do rio,Agosto,Cavalo com puçá,TALLITA,
PTC 021,Stypommisa aripuana,12 3,Barriga,F,16.viii.2019,14:23,"32,4",43,P1 - Argeu,10°28’26.9”S ,63°15’18.1”W,Mata beira do rio,Agosto,Cavalo com puçá,MARLON,
PTC 022,Stypommisa aripuana,20,Peito,F,16.viii.2019,15:05,"32,3",43,P1 - Argeu,10°28’26.9”S ,63°15’18.1”W,Mata beira do rio,Agosto,Cavalo com puçá,MARLON,
PTC 023,Stypommisa aripuana,6 D,Perna dianteira,F,16.viii.2019,15:20,"32,3",48,P1 - Argeu,10°28’26.9”S ,63°15’18.1”W,Mata beira do rio,Agosto,Cavalo com puçá,MARLON,
PTC 024,Stypommisa aripuana,6 D,Perna dianteira,F,16.viii.2019,15:45,"31,9",54,P1 - Argeu,10°28’26.9”S ,63°15’18.1”W,Mata beira do rio,Agosto,Cavalo com puçá,MARLON,
PTC 025,Stypommisa aripuana,7 D,Perna traseira,F,16.viii.2019,16:10,"31,3",54,P1 - Argeu,10°28’26.9”S ,63°15’18.1”W,Mata beira do rio,Agosto,Cavalo com puçá,TALLITA,
PTC 026,Stypommisa aripuana,6 E,Perna dianteira,F,16.viii.2019,16:12,"31,1",54,P1 - Argeu,10°28’26.9”S ,63°15’18.1”W,Mata beira do rio,Agosto,Cavalo com puçá,TALLITA,
PTC 027,Stypommisa aripuana,12 E,Barriga,F,16.viii.2019,16:14,"31,1",57,P1 - Argeu,10°28’26.9”S ,63°15’18.1”W,Mata beira do rio,Agosto,Cavalo com puçá,TALLITA,
PTC 028,Stypommisa aripuana,14,Aparelho genital,F,16.viii.2019,16:30,"30,6",59,P1 - Argeu,10°28’26.9”S ,63°15’18.1”W,Mata beira do rio,Agosto,Cavalo com puçá,TALLITA,
PTC 029,Stypommisa aripuana,7 E,Perna traseira,F,16.viii.2019,16:31,"30,6",59,P1 - Argeu,10°28’26.9”S ,63°15’18.1”W,Mata beira do rio,Agosto,Cavalo com puçá,TALLITA,
PTC 030,Stypommisa aripuana,6 E,Perna dianteira,F,16.viii.2019,16:32,"30,4",59,P1 - Argeu,10°28’26.9”S ,63°15’18.1”W,Mata beira do rio,Agosto,Cavalo com puçá,TALLITA,
PTC 031,Tabanus occidentalis,6 E,Perna dianteira,F,16.viii.2019,16:40,"30,2",60,P1 - Argeu,10°28’26.9”S ,63°15’18.1”W,Mata beira do rio,Agosto,Cavalo com puçá,TALLITA,
PTC 032,Stypommisa aripuana,7 E,Perna traseira,F,16.viii.2019,16:41,"30,2",60,P1 - Argeu,10°28’26.9”S ,63°15’18.1”W,Mata beira do rio,Agosto,Cavalo com puçá,TALLITA,
PTC 033,Stypommisa aripuana,6 D,Perna dianteira,F,16.viii.2019,16:44,"30,2",60,P1 - Argeu,10°28’26.9”S ,63°15’18.1”W,Mata beira do rio,Agosto,Cavalo com puçá,TALLITA,
PTC 034,Leucotabanus exaestuans,11 D,Pescoço,F,16.viii.2019,17:23,"29,1",64,P1 - Argeu,10°28’26.9”S ,63°15’18.1”W,Mata beira do rio,Agosto,Cavalo com puçá,TALLITA,
PTC 035,Stypommisa aripuana,6 D,Perna dianteira,F,16.viii.2019,17:37,"28,3",69,P1 - Argeu,10°28’26.9”S ,63°15’18.1”W,Mata beira do rio,Agosto,Cavalo com puçá,MARLON,
PTC 036,Leucotabanus exaestuans,2 D,Face,F,16.viii.2019,17:41,"28,1",69,P1 - Argeu,10°28’26.9”S ,63°15’18.1”W,Mata beira do rio,Agosto,Cavalo com puçá,MARLON,
PTC 037,Tabanus antarcticus,6 D,Perna dianteira,F,16.viii.2019,17:51,"27,1",69,P1 - Argeu,10°28’26.9”S ,63°15’18.1”W,Mata beira do rio,Agosto,Cavalo com puçá,MARLON,
PTC 038,Tabanus occidentalis var. modestus,6 E,Perna dianteira,F,17.viii.2019,8:59,"26,6",87,P1 - Argeu,10°28’26.9”S ,63°15’18.1”W,Mata beira do rio,Agosto,Cavalo com puçá,MARLON,
PTC 039,Tabanus macquarti,20 D,Peito,F,17.viii.2019,9:08,"23,9",86,P1 - Argeu,10°28’26.9”S ,63°15’18.1”W,Mata beira do rio,Agosto,Cavalo com puçá,TALLITA,
PTC 040,Tabanus occidentalis var. modestus,6 D,Perna dianteira,F,17.viii.2019,9:48,"26,2",73,P1 - Argeu,10°28’26.9”S ,63°15’18.1”W,Mata beira do rio,Agosto,Cavalo com puçá,TALLITA,
PTC 041,Tabanus occidentalis var. modestus,11 D,Pescoço,F,17.viii.2019,9:49,"26,2",73,P1 - Argeu,10°28’26.9”S ,63°15’18.1”W,Mata beira do rio,Agosto,Cavalo com puçá,TALLITA,
PTC 042,Tabanus ?fuscofasciatus,7 D,Perna traseira,F,17.viii.2019,9:50,"26,2",73,P1 - Argeu,10°28’26.9”S ,63°15’18.1”W,Mata beira do rio,Agosto,Cavalo com puçá,TALLITA,
PTC 043,Tabanus nebulosus,6 D,Perna dianteira,F,17.viii.2019,10:36,"28,3",67,P1 - Argeu,10°28’26.9”S ,63°15’18.1”W,Mata beira do rio,Agosto,Cavalo com puçá,MARLON,
PTC 044,Stypommisa aripuana,7 D,Perna traseira,F,17.viii.2019,10:43,"29,5",58,P1 - Argeu,10°28’26.9”S ,63°15’18.1”W,Mata beira do rio,Agosto,Cavalo com puçá,MARLON,
PTC 045,Stypommisa aripuana,20,Peito,F,17.viii.2019,10:47,"29,3",57,P1 - Argeu,10°28’26.9”S ,63°15’18.1”W,Mata beira do rio,Agosto,Cavalo com puçá,MARLON,
PTC 046,Stenotabanus incipiens,6 D,Perna dianteira,F,17.viii.2019,11:00,"30,3",53,P1 - Argeu,10°28’26.9”S ,63°15’18.1”W,Mata beira do rio,Agosto,Cavalo com puçá,TALLITA,
PTC 047,Chrysops varians,1 D,Orelha,F,17.viii.2019,11:00,"30,8",53,P1 - Argeu,10°28’26.9”S ,63°15’18.1”W,Mata beira do rio,Agosto,Cavalo com puçá,TALLITA,
PTC 048,Stypommisa aripuana,4 D,Quartela dianteira,F,17.viii.2019,11:30,31,49,P1 - Argeu,10°28’26.9”S ,63°15’18.1”W,Mata beira do rio,Agosto,Cavalo com puçá,TALLITA,
PTC 049,Stypommisa aripuana,4 E,Quartela dianteira,F,17.viii.2019,11:41,"31,2",59,P1 - Argeu,10°28’26.9”S ,63°15’18.1”W,Mata beira do rio,Agosto,Cavalo com puçá,TALLITA,
PTC 050,Tabanus mucronatus,12 E,Barriga,F,17.viii.2019,11:42,"31,2",52,P1 - Argeu,10°28’26.9”S ,63°15’18.1”W,Mata beira do rio,Agosto,Cavalo com puçá,TALLITA,
PTC 051,Tabanus occidentalis var. dorsovittatus,12 D,Barriga,F,17.viii.2019,11:44,"31,2",52,P1 - Argeu,10°28’26.9”S ,63°15’18.1”W,Mata beira do rio,Agosto,Cavalo com puçá,TALLITA,
PTC 052,Stypommisa aripuana,4 D,Quartela dianteira,F,17.viii.2019,12:24,"31,8",49,P1 - Argeu,10°28’26.9”S ,63°15’18.1”W,Mata beira do rio,Agosto,Cavalo com puçá,MARLON,
PTC 053,Stypommisa aripuana,20,Peito,F,17.viii.2019,12:28,"31,1",48,P1 - Argeu,10°28’26.9”S ,63°15’18.1”W,Mata beira do rio,Agosto,Cavalo com puçá,MARLON,
PTC 054,Tabanus rondoniensis sp.n.,20,Peito,F,17.viii.2019,12:38,"31,7",47,P1 - Argeu,10°28’26.9”S ,63°15’18.1”W,Mata beira do rio,Agosto,Cavalo com puçá,MARLON,
PTC 055,Stypommisa aripuana,4 D,Quartela dianteira,F,17.viii.2019,12:45,"32,4",45,P1 - Argeu,10°28’26.9”S ,63°15’18.1”W,Mata beira do rio,Agosto,Cavalo com puçá,MARLON,
PTC 056,Stypommisa aripuana,4 D,Quartela dianteira,F,17.viii.2019,12:52,"32,3",48,P1 - Argeu,10°28’26.9”S ,63°15’18.1”W,Mata beira do rio,Agosto,Cavalo com puçá,MARLON,
PTC 057,Stypommisa aripuana,14,Aparelho genital,F,17.viii.2019,13:12,"32,6",45,P1 - Argeu,10°28’26.9”S ,63°15’18.1”W,Mata beira do rio,Agosto,Cavalo com puçá,TALLITA,
PTC 058,Stypommisa aripuana,4 D,Quartela dianteira,F,17.viii.2019,13:19,"32,5",46,P1 - Argeu,10°28’26.9”S ,63°15’18.1”W,Mata beira do rio,Agosto,Cavalo com puçá,TALLITA,
PTC 059,Stypommisa aripuana,4 D,Quartela dianteira,F,17.viii.2019,13:21,"32,5",47,P1 - Argeu,10°28’26.9”S ,63°15’18.1”W,Mata beira do rio,Agosto,Cavalo com puçá,TALLITA,
PTC 060,Stypommisa aripuana,20,Peito,F,17.viii.2019,13:27,"32,6",47,P1 - Argeu,10°28’26.9”S ,63°15’18.1”W,Mata beira do rio,Agosto,Cavalo com puçá,TALLITA,
PTC 061,Stypommisa aripuana,12 C,Barriga,F,17.viii.2019,13:28,"32,4",48,P1 - Argeu,10°28’26.9”S ,63°15’18.1”W,Mata beira do rio,Agosto,Cavalo com puçá,TALLITA,
PTC 062,Stypommisa aripuana,4D,Quartela dianteira,F,17.viii.2019,13:29,"32,4",48,P1 - Argeu,10°28’26.9”S ,63°15’18.1”W,Mata beira do rio,Agosto,Cavalo com puçá,TALLITA,
PTC 063,Stypommisa aripuana,4D,Quartela dianteira,F,17.viii.2019,13:30,"32,4",49,P1 - Argeu,10°28’26.9”S ,63°15’18.1”W,Mata beira do rio,Agosto,Cavalo com puçá,TALLITA,
PTC 064,Stypommisa aripuana,4 D,Quartela dianteira,F,17.viii.2019,13:47,"32,4",47,P1 - Argeu,10°28’26.9”S ,63°15’18.1”W,Mata beira do rio,Agosto,Cavalo com puçá,TALLITA,
PTC 065,Stypommisa aripuana,11 C,Pescoço,F,17.viii.2019,13:59,"32,6",48,P1 - Argeu,10°28’26.9”S ,63°15’18.1”W,Mata beira do rio,Agosto,Cavalo com puçá,TALLITA,
PTC 066,Stypommisa aripuana,8 D,Perna traseira,F,17.viii.2019,14:09,"31,7",47,P1 - Argeu,10°28’26.9”S ,63°15’18.1”W,Mata beira do rio,Agosto,Cavalo com puçá,MARLON,
PTC 067,Stypommisa aripuana,20 C,Peito,F,17.viii.2019,14:12,"32,2",46,P1 - Argeu,10°28’26.9”S ,63°15’18.1”W,Mata beira do rio,Agosto,Cavalo com puçá,MARLON,
PTC 068,Tabanus restrepoensis,4 D,Quartela dianteira,F,17.viii.2019,14:17,"32,6",45,P1 - Argeu,10°28’26.9”S ,63°15’18.1”W,Mata beira do rio,Agosto,Cavalo com puçá,MARLON,
PTC 069,Stypommisa aripuana,14,Aparelho genital,F,17.viii.2019,14:20,"32,7",41,P1 - Argeu,10°28’26.9”S ,63°15’18.1”W,Mata beira do rio,Agosto,Cavalo com puçá,MARLON,
PTC 070,Stypommisa aripuana,4 D,Quartela dianteira,F,17.viii.2019,14:32,"33,1",41,P1 - Argeu,10°28’26.9”S ,63°15’18.1”W,Mata beira do rio,Agosto,Cavalo com puçá,MARLON,
PTC 071,Stypommisa aripuana,20,Peito,F,17.viii.2019,14:50,"33,1",48,P1 - Argeu,10°28’26.9”S ,63°15’18.1”W,Mata beira do rio,Agosto,Cavalo com puçá,MARLON,
PTC 072,Stypommisa aripuana,12 E,Barriga,F,17.viii.2019,15:00,"32,3",48,P1 - Argeu,10°28’26.9”S ,63°15’18.1”W,Mata beira do rio,Agosto,Cavalo com puçá,MARLON,
PTC 073,Stypommisa aripuana,8 D,Perna traseira,F,17.viii.2019,15:01,"32,3",48,P1 - Argeu,10°28’26.9”S ,63°15’18.1”W,Mata beira do rio,Agosto,Cavalo com puçá,TALLITA,
PTC 074,Stypommisa aripuana,12 D,Barriga,F,17.viii.2019,15:10,"32,6",48,P1 - Argeu,10°28’26.9”S ,63°15’18.1”W,Mata beira do rio,Agosto,Cavalo com puçá,TALLITA,
PTC 075,Stypommisa aripuana,6 D,Perna dianteira,F,17.viii.2019,15:12,"32,7",45,P1 - Argeu,10°28’26.9”S ,63°15’18.1”W,Mata beira do rio,Agosto,Cavalo com puçá,TALLITA,
PTC 076,Stypommisa aripuana,12 D,Barriga,F,17.viii.2019,15:18,"32,4",48,P1 - Argeu,10°28’26.9”S ,63°15’18.1”W,Mata beira do rio,Agosto,Cavalo com puçá,TALLITA,
PTC 077,Stypommisa aripuana,12 D,Barriga,F,17.viii.2019,15:18,"32,4",48,P1 - Argeu,10°28’26.9”S ,63°15’18.1”W,Mata beira do rio,Agosto,Cavalo com puçá,TALLITA,
PTC 078,Stypommisa aripuana,12 D,Barriga,F,17.viii.2019,15:23,"32,6",49,P1 - Argeu,10°28’26.9”S ,63°15’18.1”W,Mata beira do rio,Agosto,Cavalo com puçá,TALLITA,
PTC 079,Stypommisa aripuana,12 D,Barriga,F,17.viii.2019,15:30,"32,6",49,P1 - Argeu,10°28’26.9”S ,63°15’18.1”W,Mata beira do rio,Agosto,Cavalo com puçá,TALLITA,
PTC 080,Tabanus occidentalis var. dorsovittatus,6 D,Perna dianteira,F,17.viii.2019,15:50,"30,5",64,P1 - Argeu,10°28’26.9”S ,63°15’18.1”W,Mata beira do rio,Agosto,Cavalo com puçá,TALLITA,
PTC 081,Stypommisa aripuana,11 D,Pescoço,F,17.viii.2019,16:00,"30,3",66,P1 - Argeu,10°28’26.9”S ,63°15’18.1”W,Mata beira do rio,Agosto,Cavalo com puçá,TALLITA,
PTC 082,Stypommisa aripuana,8 E,Perna traseira,F,17.viii.2019,16:05,"30,1",67,P1 - Argeu,10°28’26.9”S ,63°15’18.1”W,Mata beira do rio,Agosto,Cavalo com puçá,MARLON,
PTC 083,Stypommisa aripuana,6 D,Perna dianteira,F,17.viii.2019,16:12,"29,8",69,P1 - Argeu,10°28’26.9”S ,63°15’18.1”W,Mata beira do rio,Agosto,Cavalo com puçá,MARLON,
PTC 084,Stypommisa aripuana,6 E,Perna dianteira,F,17.viii.2019,16:19,"29,6",70,P1 - Argeu,10°28’26.9”S ,63°15’18.1”W,Mata beira do rio,Agosto,Cavalo com puçá,MARLON,
PTC 085,Stypommisa aripuana,7 D,Perna traseira,F,17.viii.2019,16:52,"29,3",72,P1 - Argeu,10°28’26.9”S ,63°15’18.1”W,Mata beira do rio,Agosto,Cavalo com puçá,MARLON,
PTC 086,Stypommisa aripuana,11 D,Pescoço,F,17.viii.2019,17:04,"29,3",72,P1 - Argeu,10°28’26.9”S ,63°15’18.1”W,Mata beira do rio,Agosto,Cavalo com puçá,TALLITA,
PTC 087,Stypommisa aripuana,6 D,Perna dianteira,F,17.viii.2019,17:29,"28,5",77,P1 - Argeu,10°28’26.9”S ,63°15’18.1”W,Mata beira do rio,Agosto,Cavalo com puçá,TALLITA,
PTC 088,Stypommisa aripuana,7 D,Perna traseira,F,17.viii.2019,17:34,"28,5",77,P1 - Argeu,10°28’26.9”S ,63°15’18.1”W,Mata beira do rio,Agosto,Cavalo com puçá,TALLITA,
PTC 089,Tabanus occidentalis,6 D,Perna dianteira,F,19.vii.2019,6:13,"23,7",88,P5-Neucivaldo,10°06’21.4”S ,63°16’55.7”W,Mata beira do rio,Agosto,Cavalo com puçá,TALLITA,
PTC 090,Tabanus sorbillans,6 E,Perna dianteira,F,19.vii.2019,6:15,"23,7",88,P5-Neucivaldo,10°06’21.4”S ,63°16’55.7”W,Mata beira do rio,Agosto,Cavalo com puçá,TALLITA,
PTC 091,Tabanus occidentalis,7 D,Perna traseira,F,19.vii.2019,6:52,"22,3",99,P5-Neucivaldo,10°06’21.4”S ,63°16’55.7”W,Mata beira do rio,Agosto,Cavalo com puçá,TALLITA,
PTC 092,Chrysops variegatus,1 E,Orelha,F,19.vii.2019,7:06,"22,4",98,P5-Neucivaldo,10°06’21.4”S ,63°16’55.7”W,Mata beira do rio,Agosto,Cavalo com puçá,TALLITA,
PTC 093,Tabanus occidentalis,6 D,Perna dianteira,F,19.vii.2019,7:46,"22,9",99,P5-Neucivaldo,10°06’21.4”S ,63°16’55.7”W,Mata beira do rio,Agosto,Cavalo com puçá,TALLITA,
PTC 094,Tabanus occidentalis,6 D,Perna dianteira,F,19.vii.2019,10:40,26,92,P5-Neucivaldo,10°06’21.4”S ,63°16’55.7”W,Mata beira do rio,Agosto,Cavalo com puçá,TALLITA,
PTC 095,Tabanus pungens,6 E,Perna dianteira,F,19.vii.2019,10:44,26,91,P5-Neucivaldo,10°06’21.4”S ,63°16’55.7”W,Mata beira do rio,Agosto,Cavalo com puçá,TALLITA,
PTC 096,Tabanus occidentalis var. modestus,6 D,Perna dianteira,F,19.vii.2019,12:24,"26,8",89,P5-Neucivaldo,10°06’21.4”S ,63°16’55.7”W,Mata beira do rio,Agosto,Cavalo com puçá,TALLITA,
PTC 097,Tabanus antarcticus,7 D,Perna traseira,F,19.vii.2019,12:36,"26,6",89,P5-Neucivaldo,10°06’21.4”S ,63°16’55.7”W,Mata beira do rio,Agosto,Cavalo com puçá,TALLITA,
PTC 098,Tabanus occidentalis var. modestus,6 E,Perna dianteira,F,19.vii.2019,14:44,"26,8",84,P5-Neucivaldo,10°06’21.4”S ,63°16’55.7”W,Mata beira do rio,Agosto,Cavalo com puçá,MARLON,
PTC 099,Tabanus occidentalis var. modestus,6 E,Perna dianteira,F,19.vii.2019,14:46,"26,8",83,P5-Neucivaldo,10°06’21.4”S ,63°16’55.7”W,Mata beira do rio,Agosto,Cavalo com puçá,MARLON,
PTC 100,Stypommisa aripuana,16 E,Perna traseira,F,19.vii.2019,14:50,"26,7",86,P5-Neucivaldo,10°06’21.4”S ,63°16’55.7”W,Mata beira do rio,Agosto,Cavalo com puçá,MARLON,
PTC 101,Tabanus occidentalis,18 E,Perna traseira,F,19.vii.2019,14:59,"26,8",81,P5-Neucivaldo,10°06’21.4”S ,63°16’55.7”W,Mata beira do rio,Agosto,Cavalo com puçá,MARLON,
PTC 102,Stypommisa aripuana,6 E,Perna dianteira,F,19.vii.2019,15:03,"26,8",81,P5-Neucivaldo,10°06’21.4”S ,63°16’55.7”W,Mata beira do rio,Agosto,Cavalo com puçá,MARLON,
PTC 103,Tabanus occidentalis,6 D,Perna dianteira,F,19.vii.2019,15:08,"27,1",81,P5-Neucivaldo,10°06’21.4”S ,63°16’55.7”W,Mata beira do rio,Agosto,Cavalo com puçá,MARLON,
PTC 104,Stypommisa aripuana,17 E,Perna traseira,F,19.vii.2019,15:29,29,72,P5-Neucivaldo,10°06’21.4”S ,63°16’55.7”W,Mata beira do rio,Agosto,Cavalo com puçá,MARLON,
PTC 105,Tabanus occidentalis,18 E,Perna traseira,F,19.vii.2019,15:32,"29,1",75,P5-Neucivaldo,10°06’21.4”S ,63°16’55.7”W,Mata beira do rio,Agosto,Cavalo com puçá,MARLON,
PTC 106,Tabanus occidentalis var. dorsovittatus,16 D,Perna traseira,F,19.vii.2019,15:40,"28,7",74,P5-Neucivaldo,10°06’21.4”S ,63°16’55.7”W,Mata beira do rio,Agosto,Cavalo com puçá,MARLON,
PTC 107,Tabanus occidentalis var. modestus,6 D,Perna dianteira,F,19.vii.2019,16:20,28,80,P5-Neucivaldo,10°06’21.4”S ,63°16’55.7”W,Mata beira do rio,Agosto,Cavalo com puçá,MARLON,
PTC 108,Stypommisa aripuana,6 E,Perna dianteira,F,19.vii.2019,16:30,"28,1",79,P5-Neucivaldo,10°06’21.4”S ,63°16’55.7”W,Mata beira do rio,Agosto,Cavalo com puçá,TALLITA,
PTC 109,Tabanus antarcticus,6 D,Perna dianteira,F,19.vii.2019,16:47,"27,9",81,P5-Neucivaldo,10°06’21.4”S ,63°16’55.7”W,Mata beira do rio,Agosto,Cavalo com puçá,TALLITA,
PTC 110,Stypommisa aripuana,6 E,Perna dianteira,F,19.vii.2019,17:27,27,82,P5-Neucivaldo,10°06’21.4”S ,63°16’55.7”W,Mata beira do rio,Agosto,Cavalo com puçá,TALLITA,
PTC 111,Chrysops varians,1 C,Orelha,F,19.vii.2019,17:33,"26,9",84,P5-Neucivaldo,10°06’21.4”S ,63°16’55.7”W,Mata beira do rio,Agosto,Cavalo com puçá,TALLITA,
PTC 112,Tabanus antarcticus,7 D,Perna traseira,F,20.vii.2019,7:30,"22,1",98,P5-Neucivaldo,10°06’21.4”S ,63°16’55.7”W,Mata beira do rio,Agosto,Cavalo com puçá,MARLON,
PTC 113,Tabanus occidentalis,6 E,Perna dianteira,F,20.vii.2019,9:41,"24,2",92,P5-Neucivaldo,10°06’21.4”S ,63°16’55.7”W,Mata beira do rio,Agosto,Cavalo com puçá,MARLON,
PTC 114,Tabanus occidentalis var. modestus,16 E,Perna traseira,F,20.vii.2019,10:43,"26,3",85,P5-Neucivaldo,10°06’21.4”S ,63°16’55.7”W,Mata beira do rio,Agosto,Cavalo com puçá,TALLITA,
PTC 115,Tabanus occidentalis var. modestus,18 D,Perna traseira,F,20.vii.2019,11:17,"29,6",68,P5-Neucivaldo,10°06’21.4”S ,63°16’55.7”W,Mata beira do rio,Agosto,Cavalo com puçá,TALLITA,
PTC 116,Stypommisa aripuana,18 D,Perna traseira,F,20.vii.2019,11:22,"31,6",59,P5-Neucivaldo,10°06’21.4”S ,63°16’55.7”W,Mata beira do rio,Agosto,Cavalo com puçá,TALLITA,
PTC 117,Tabanus occidentalis var. dorsovittatus,16 D,Perna traseira,F,20.vii.2019,11:33,"31,1",61,P5-Neucivaldo,10°06’21.4”S ,63°16’55.7”W,Mata beira do rio,Agosto,Cavalo com puçá,MARLON,
PTC 118,Stypommisa aripuana,18 E,Perna traseira,F,20.vii.2019,12:20,"31,6",53,P5-Neucivaldo,10°06’21.4”S ,63°16’55.7”W,Mata beira do rio,Agosto,Cavalo com puçá,MARLON,
PTC 119,Tabanus occidentalis var. dorsovittatus,18 E,Perna traseira,F,20.vii.2019,12:46,"30,9",66,P5-Neucivaldo,10°06’21.4”S ,63°16’55.7”W,Mata beira do rio,Agosto,Cavalo com puçá,MARLON,
PTC 120,Stypommisa aripuana,6 D,Perna dianteira,F,20.vii.2019,13:05,"33,2",54,P5-Neucivaldo,10°06’21.4”S ,63°16’55.7”W,Mata beira do rio,Agosto,Cavalo com puçá,TALLITA,
PTC 121,Stypommisa aripuana,7 D,Perna traseira,F,20.vii.2019,13:24,34,45,P5-Neucivaldo,10°06’21.4”S ,63°16’55.7”W,Mata beira do rio,Agosto,Cavalo com puçá,MARLON,
PTC 122,Tabanus humboldti,7 E,Perna traseira,F,20.vii.2019,14:50,"32,2",43,P5-Neucivaldo,10°06’21.4”S ,63°16’55.7”W,Mata beira do rio,Agosto,Cavalo com puçá,MARLON,
PTC 123,Stypommisa aripuana,18 E,Perna traseira,F,20.vii.2019,15:16,"31,9",57,P5-Neucivaldo,10°06’21.4”S ,63°16’55.7”W,Mata beira do rio,Agosto,Cavalo com puçá,MARLON,
PTC 124,Tabanus occidentalis var. modestus,7 E,Perna traseira,F,20.vii.2019,16:10,"31,5",58,P5-Neucivaldo,10°06’21.4”S ,63°16’55.7”W,Mata beira do rio,Agosto,Cavalo com puçá,MARLON,
PTC 125,Tabanus occidentalis,7 D,Perna traseira,F,20.vii.2019,17:26,"28,8",70,P5-Neucivaldo,10°06’21.4”S ,63°16’55.7”W,Mata beira do rio,Agosto,Cavalo com puçá,TALLITA,
PTC 126,Tabanus occidentalis,7 E,Perna traseira,F,20.vii.2019,17:27,"28,8",72,P5-Neucivaldo,10°06’21.4”S ,63°16’55.7”W,Mata beira do rio,Agosto,Cavalo com puçá,TALLITA,
PTC 127,Tabanus occidentalis,6 D,Perna dianteira,F,20.vii.2019,17:31,"28,7",73,P5-Neucivaldo,10°06’21.4”S ,63°16’55.7”W,Mata beira do rio,Agosto,Cavalo com puçá,MARLON,
PTC 128,Tabanus occidentalis,6 D,Perna dianteira,F,20.vii.2019,17:32,"28,7",73,P5-Neucivaldo,10°06’21.4”S ,63°16’55.7”W,Mata beira do rio,Agosto,Cavalo com puçá,MARLON,
PTC 129,Tabanus occidentalis,8 E,Perna traseira,F,20.vii.2019,17:42,"28,5",74,P5-Neucivaldo,10°06’21.4”S ,63°16’55.7”W,Mata beira do rio,Agosto,Cavalo com puçá,MARLON,
PTC 130,Tabanus antarcticus,8 E,Perna traseira,F,20.vii.2019,17:44,"28,5",74,P5-Neucivaldo,10°06’21.4”S ,63°16’55.7”W,Mata beira do rio,Agosto,Cavalo com puçá,MARLON,
PTC 131,Tabanus occidentalis,9 D,Perna traseira,F,20.vii.2019,17:47,"28,5",74,P5-Neucivaldo,10°06’21.4”S ,63°16’55.7”W,Mata beira do rio,Agosto,Cavalo com puçá,MARLON,
PTC 132,Tabanus antarcticus,9 D,Perna traseira,F,20.vii.2019,17:56,"28,2",74,P5-Neucivaldo,10°06’21.4”S ,63°16’55.7”W,Mata beira do rio,Agosto,Cavalo com puçá,TALLITA,
PTC 133,Tabanus occidentalis,6 E,Perna dianteira,F,20.vii.2019,17:57,"28,2",74,P5-Neucivaldo,10°06’21.4”S ,63°16’55.7”W,Mata beira do rio,Agosto,Cavalo com puçá,TALLITA,
PTC 134,Pityocera cervus,9 D,Perna traseira,F,22.xi.2019,6:35,"24,5",95,P5-Neucivaldo,10°06’21.4”S ,63°16’55.7”W,Mata beira do rio,Novembro,Cavalo com puçá,TALLITA,
PTC 135,Philipotabanus pictus,7 D,Perna traseira,F,22.xi.2019,6:52,"24,2",99,P5-Neucivaldo,10°06’21.4”S ,63°16’55.7”W,Mata beira do rio,Novembro,Cavalo com puçá,MARLON,
PTC 136,Philipotabanus pictus,12,Barriga,F,22.xi.2019,9:57,25,99,P5-Neucivaldo,10°06’21.4”S ,63°16’55.7”W,Mata beira do rio,Novembro,Cavalo com puçá,TALLITA,
PTC 137,Stenotabanus albilinearis,6 E,Perna dianteira,F,22.xi.2019,10:30,"26,2",97,P5-Neucivaldo,10°06’21.4”S ,63°16’55.7”W,Mata beira do rio,Novembro,Cavalo com puçá,MARLON,
PTC 138,Stenotabanus albilinearis,6 D,Perna dianteira,F,22.xi.2019,12:40,"27,5",87,P5-Neucivaldo,10°06’21.4”S ,63°16’55.7”W,Mata beira do rio,Novembro,Cavalo com puçá,MARLON,
PTC 139,Stenotabanus albilinearis,7 E,Perna traseira,F,22.xi.2019,13:04,"27,7",88,P5-Neucivaldo,10°06’21.4”S ,63°16’55.7”W,Mata beira do rio,Novembro,Cavalo com puçá,TALLITA,
PTC 140,Tabanus mucronatus,7 E,Perna traseira,F,22.xi.2019,13:10,"27,7",89,P5-Neucivaldo,10°06’21.4”S ,63°16’55.7”W,Mata beira do rio,Novembro,Cavalo com puçá,TALLITA,
PTC 141,Stenotabanus albilinearis,6D,Perna dianteira,F,22.xi.2019,13:21,"27,4",86,P5-Neucivaldo,10°06’21.4”S ,63°16’55.7”W,Mata beira do rio,Novembro,Cavalo com puçá,TALLITA,
PTC 142,Tabanus occidentalis var. dorsovittatus,6 E,Perna dianteira,F,22.xi.2019,13:29,"27,5",88,P5-Neucivaldo,10°06’21.4”S ,63°16’55.7”W,Mata beira do rio,Novembro,Cavalo com puçá,TALLITA,
PTC 143,Tabanus occidentalis,6 D,Perna dianteira,F,22.xi.2019,13:38,"27,3",88,P5-Neucivaldo,10°06’21.4”S ,63°16’55.7”W,Mata beira do rio,Novembro,Cavalo com puçá,TALLITA,
PTC 144,Tabanus mucronatus,16 D,Perna traseira,F,22.xi.2019,13:48,"27,7",84,P5-Neucivaldo,10°06’21.4”S ,63°16’55.7”W,Mata beira do rio,Novembro,Cavalo com puçá,TALLITA,
PTC 145,Dichelacera tetradelta,9 E,Perna traseira,F,22.xi.2019,14:00,"27,3",89,P5-Neucivaldo,10°06’21.4”S ,63°16’55.7”W,Mata beira do rio,Novembro,Cavalo com puçá,TALLITA,
PTC 146,Stenotabanus albilinearis,6 D,Perna dianteira,F,22.xi.2019,14:03,"27,2",88,P5-Neucivaldo,10°06’21.4”S ,63°16’55.7”W,Mata beira do rio,Novembro,Cavalo com puçá,TALLITA,
PTC 147,Tabanus mucronatus,12,Barriga,F,22.xi.2019,14:05,"27,2",81,P5-Neucivaldo,10°06’21.4”S ,63°16’55.7”W,Mata beira do rio,Novembro,Cavalo com puçá,TALLITA,
PTC 148,Stenotabanus albilinearis,6 E,Perna dianteira,F,22.xi.2019,14:12,"27,3",82,P5-Neucivaldo,10°06’21.4”S ,63°16’55.7”W,Mata beira do rio,Novembro,Cavalo com puçá,TALLITA,
PTC 149,Tabanus mucronatus,6D,Perna dianteira,F,22.xi.2019,14:26,"27,4",91,P5-Neucivaldo,10°06’21.4”S ,63°16’55.7”W,Mata beira do rio,Novembro,Cavalo com puçá,TALLITA,
PTC 150,Leucotabanus exaestuans,2 E,Face,F,22.xi.2019,15:00,"27,4",91,P5-Neucivaldo,10°06’21.4”S ,63°16’55.7”W,Mata beira do rio,Novembro,Cavalo com puçá,MARLON,
PTC 151,Tabanus occidentalis,6 E,Perna dianteira,F,22.xi.2019,15:20,"27,6",93,P5-Neucivaldo,10°06’21.4”S ,63°16’55.7”W,Mata beira do rio,Novembro,Cavalo com puçá,MARLON,
PTC 152,Tabanus occidentalis,6 E,Perna dianteira,F,22.xi.2019,15:35,"27,6",93,P5-Neucivaldo,10°06’21.4”S ,63°16’55.7”W,Mata beira do rio,Novembro,Cavalo com puçá,MARLON,
PTC 153,Tabanus antarcticus,6 D,Perna dianteira,F,22.xi.2019,16:16,"27,4",92,P5-Neucivaldo,10°06’21.4”S ,63°16’55.7”W,Mata beira do rio,Novembro,Cavalo com puçá,MARLON,
PTC 154,Tabanus antarcticus,7 D,Perna traseira,F,22.xi.2019,16:25,"27,3",93,P5-Neucivaldo,10°06’21.4”S ,63°16’55.7”W,Mata beira do rio,Novembro,Cavalo com puçá,MARLON,
PTC 155,Tabanus antarcticus,7 D,Perna traseira,F,22.xi.2019,16:41,27,92,P5-Neucivaldo,10°06’21.4”S ,63°16’55.7”W,Mata beira do rio,Novembro,Cavalo com puçá,MARLON,
PTC 156,Tabanus mucronatus,7 D,Perna traseira,F,22.xi.2019,16:53,27,93,P5-Neucivaldo,10°06’21.4”S ,63°16’55.7”W,Mata beira do rio,Novembro,Cavalo com puçá,MARLON,
PTC 157,Tabanus antarcticus,16 E,Perna traseira,F,22.xi.2019,16:57,"26,9",94,P5-Neucivaldo,10°06’21.4”S ,63°16’55.7”W,Mata beira do rio,Novembro,Cavalo com puçá,TALLITA,
PTC 158,Stenotabanus albilinearis,18 E,Perna traseira,F,22.xi.2019,16:59,"26,9",94,P5-Neucivaldo,10°06’21.4”S ,63°16’55.7”W,Mata beira do rio,Novembro,Cavalo com puçá,TALLITA,
PTC 159,Tabanus antarcticus,9 E,Perna traseira,F,22.xi.2019,17:06,"26,9",94,P5-Neucivaldo,10°06’21.4”S ,63°16’55.7”W,Mata beira do rio,Novembro,Cavalo com puçá,TALLITA,
PTC 160,Tabanus mucronatus,4 D,Quartela dianteira,F,22.xi.2019,17:10,"26,8",95,P5-Neucivaldo,10°06’21.4”S ,63°16’55.7”W,Mata beira do rio,Novembro,Cavalo com puçá,MARLON,
PTC 161,Tabanus antarcticus,9 E,Perna traseira,F,22.xi.2019,17:24,"26,7",96,P5-Neucivaldo,10°06’21.4”S ,63°16’55.7”W,Mata beira do rio,Novembro,Cavalo com puçá,TALLITA,
PTC 162,Tabanus antarcticus,6 D,Perna dianteira,F,22.xi.2019,17:30,"26,7",95,P5-Neucivaldo,10°06’21.4”S ,63°16’55.7”W,Mata beira do rio,Novembro,Cavalo com puçá,MARLON,
PTC 163,Tabanus antarcticus,6 D,Perna dianteira,F,22.xi.2019,17:32,"26,7",95,P5-Neucivaldo,10°06’21.4”S ,63°16’55.7”W,Mata beira do rio,Novembro,Cavalo com puçá,MARLON,
PTC 164,Tabanus antarcticus,5 E,Quartela traseira,F,22.xi.2019,17:35,"26,6",95,P5-Neucivaldo,10°06’21.4”S ,63°16’55.7”W,Mata beira do rio,Novembro,Cavalo com puçá,MARLON,
PTC 165,Tabanus antarcticus,8 D,Perna traseira,F,22.xi.2019,17:37,"26,6",95,P5-Neucivaldo,10°06’21.4”S ,63°16’55.7”W,Mata beira do rio,Novembro,Cavalo com puçá,MARLON,
PTC 166,Tabanus antarcticus,12 E,Barriga,F,22.xi.2019,17:38,"26,6",95,P5-Neucivaldo,10°06’21.4”S ,63°16’55.7”W,Mata beira do rio,Novembro,Cavalo com puçá,MARLON,sem cabeça
PTC 167,Leucotabanus exaestuans,11 E,Pescoço,F,22.xi.2019,17:44,"26,7",95,P5-Neucivaldo,10°06’21.4”S ,63°16’55.7”W,Mata beira do rio,Novembro,Cavalo com puçá,MARLON,
PTC 168,Tabanus antarcticus,7 D,Perna traseira,F,22.xi.2019,17:45,"26,6",95,P5-Neucivaldo,10°06’21.4”S ,63°16’55.7”W,Mata beira do rio,Novembro,Cavalo com puçá,MARLON,
PTC 169,Tabanus antarcticus,6 D,Perna dianteira,F,22.xi.2019,17:46,"26,6",95,P5-Neucivaldo,10°06’21.4”S ,63°16’55.7”W,Mata beira do rio,Novembro,Cavalo com puçá,MARLON,
PTC 170,Tabanus antarcticus,6 E,Perna dianteira,F,22.xi.2019,17:47,"26,6",95,P5-Neucivaldo,10°06’21.4”S ,63°16’55.7”W,Mata beira do rio,Novembro,Cavalo com puçá,MARLON,
PTC 171,Tabanus antarcticus,6 E,Perna dianteira,F,22.xi.2019,17:52,"26,6",95,P5-Neucivaldo,10°06’21.4”S ,63°16’55.7”W,Mata beira do rio,Novembro,Cavalo com puçá,TALLITA,
PTC 172,Tabanus antarcticus,7 E,Perna traseira,F,22.xi.2019,17:52,"26,6",95,P5-Neucivaldo,10°06’21.4”S ,63°16’55.7”W,Mata beira do rio,Novembro,Cavalo com puçá,TALLITA,
PTC 173,Tabanus antarcticus,7 D,Perna traseira,F,22.xi.2019,17:53,"26,6",95,P5-Neucivaldo,10°06’21.4”S ,63°16’55.7”W,Mata beira do rio,Novembro,Cavalo com puçá,TALLITA,
PTC 174,Tabanus antarcticus,7 E,Perna traseira,F,22.xi.2019,17:54,"26,6",95,P5-Neucivaldo,10°06’21.4”S ,63°16’55.7”W,Mata beira do rio,Novembro,Cavalo com puçá,TALLITA,
PTC 175,Tabanus antarcticus,12 D,Barriga,F,22.xi.2019,17:56,"26,5",96,P5-Neucivaldo,10°06’21.4”S ,63°16’55.7”W,Mata beira do rio,Novembro,Cavalo com puçá,MARLON,
PTC 176,Tabanus mucronatus,7 E,Perna traseira,F,22.xi.2019,17:58,"26,5",96,P5-Neucivaldo,10°06’21.4”S ,63°16’55.7”W,Mata beira do rio,Novembro,Cavalo com puçá,TALLITA,
PTC 177,Tabanus occidentalis,7D,Perna traseira,F,23.xi.2019,8:24,"24,6",99,P5-Neucivaldo,10°06’21.4”S ,63°16’55.7”W,Mata beira do rio,Novembro,Cavalo com puçá,MARLON,
PTC 178,Stenotabanus albilinearis,6E,Perna dianteira,F,23.xi.2019,9:06,"25,7",99,P5-Neucivaldo,10°06’21.4”S ,63°16’55.7”W,Mata beira do rio,Novembro,Cavalo com puçá,MARLON,
PTC 179,Stenotabanus albilinearis,6E,Perna dianteira,F,23.xi.2019,10:30,"26,3",99,P5-Neucivaldo,10°06’21.4”S ,63°16’55.7”W,Mata beira do rio,Novembro,Cavalo com puçá,TALLITA,
PTC 180,Stenotabanus albilinearis,6E,Perna dianteira,F,23.xi.2019,10:40,"26,5",95,P5-Neucivaldo,10°06’21.4”S ,63°16’55.7”W,Mata beira do rio,Novembro,Cavalo com puçá,TALLITA,
PTC 181,Stypommisa modica,18D,Perna traseira,F,23.xi.2019,11:32,"27,7",94,P5-Neucivaldo,10°06’21.4”S ,63°16’55.7”W,Mata beira do rio,Novembro,Cavalo com puçá,TALLITA,
PTC 182,Stenotabanus albilinearis,6D,Perna dianteira,F,23.xi.2019,11:38,"27,6",89,P5-Neucivaldo,10°06’21.4”S ,63°16’55.7”W,Mata beira do rio,Novembro,Cavalo com puçá,TALLITA,
PTC 183,Tabanus discifer,6E,Perna dianteira,F,23.xi.2019,13:17,"27,7",93,P5-Neucivaldo,10°06’21.4”S ,63°16’55.7”W,Mata beira do rio,Novembro,Cavalo com puçá,MARLON,
PTC 184,Tabanus occidentalis,6D,Perna dianteira,F,23.xi.2019,13:24,"28,8",86,P5-Neucivaldo,10°06’21.4”S ,63°16’55.7”W,Mata beira do rio,Novembro,Cavalo com puçá,MARLON,
PTC 185,Tabanus mucronatus,4D,Quartela dianteira,F,23.xi.2019,13:45,28,85,P5-Neucivaldo,10°06’21.4”S ,63°16’55.7”W,Mata beira do rio,Novembro,Cavalo com puçá,MARLON,
PTC 186,Tabanus antarcticus,7D,Perna traseira,F,23.xi.2019,13:55,28,90,P5-Neucivaldo,10°06’21.4”S ,63°16’55.7”W,Mata beira do rio,Novembro,Cavalo com puçá,MARLON,
PTC 187,Tabanus occidentalis var. modestus,6E,Perna dianteira,F,23.xi.2019,14:05,"28,2",87,P5-Neucivaldo,10°06’21.4”S ,63°16’55.7”W,Mata beira do rio,Novembro,Cavalo com puçá,MARLON,
PTC 188,Tabanus mucronatus,12,Barriga,F,23.xi.2019,17:45,"24,9",99,P5-Neucivaldo,10°06’21.4”S ,63°16’55.7”W,Mata beira do rio,Novembro,Cavalo com puçá,MARLON,
PTC 189,Stypommisa captiroptera,6D,Perna dianteira,F,25.xi.2019,6:00,25,87,P1 - Argeu,10°28’26.9”S ,63°15’18.1”W,Mata beira do rio,Novembro,Cavalo com puçá,MARLON,
PTC 190,Stypommisa apicalis,9E,Perna traseira,F,25.xi.2019,6:10,"24,1",90,P1 - Argeu,10°28’26.9”S ,63°15’18.1”W,Mata beira do rio,Novembro,Cavalo com puçá,MARLON,
PTC 191,Leucotabanus pauculus,6E,Perna dianteira,F,25.xi.2019,6:13,"24,1",90,P1 - Argeu,10°28’26.9”S ,63°15’18.1”W,Mata beira do rio,Novembro,Cavalo com puçá,MARLON,
PTC 192,Pityocera cervus,6E,Perna dianteira,F,25.xi.2019,6:15,"24,1",91,P1 - Argeu,10°28’26.9”S ,63°15’18.1”W,Mata beira do rio,Novembro,Cavalo com puçá,TALLITA,
PTC 193,Dichelacera tetradelta,7D,Perna traseira,F,25.xi.2019,6:38,"23,9",99,P1 - Argeu,10°28’26.9”S ,63°15’18.1”W,Mata beira do rio,Novembro,Cavalo com puçá,TALLITA,
PTC 194,Tabanus occidentalis,6E,Perna dianteira,F,25.xi.2019,7:22,"25,1",96,P1 - Argeu,10°28’26.9”S ,63°15’18.1”W,Mata beira do rio,Novembro,Cavalo com puçá,TALLITA,
PTC 195,Catachlorops difficilis,8D,Perna traseira,F,25.xi.2019,7:25,"25,2",96,P1 - Argeu,10°28’26.9”S ,63°15’18.1”W,Mata beira do rio,Novembro,Cavalo com puçá,TALLITA,
PTC 196,Tabanus occiedntalis,6D,Perna dianteira,F,25.xi.2019,7:32,"25,3",96,P1 - Argeu,10°28’26.9”S ,63°15’18.1”W,Mata beira do rio,Novembro,Cavalo com puçá,TALLITA,
PTC 197,Tabanus occidentalis var.modestus,9E,Perna traseira,F,25.xi.2019,7:46,"25,6",95,P1 - Argeu,10°28’26.9”S ,63°15’18.1”W,Mata beira do rio,Novembro,Cavalo com puçá,MARLON,
PTC 198,Tabanus occidentalis var.modestus,7D,Perna traseira,F,25.xi.2019,7:58,"25,8",96,P1 - Argeu,10°28’26.9”S ,63°15’18.1”W,Mata beira do rio,Novembro,Cavalo com puçá,MARLON,
PTC 199,Catachlorops difficilis,4E,Quartela dianteira,F,25.xi.2019,8:05,"25,8",96,P1 - Argeu,10°28’26.9”S ,63°15’18.1”W,Mata beira do rio,Novembro,Cavalo com puçá,MARLON,
PTC 200,Catachlorops difficilis,6E,Perna dianteira,F,25.xi.2019,8:56,"26,7",93,P1 - Argeu,10°28’26.9”S ,63°15’18.1”W,Mata beira do rio,Novembro,Cavalo com puçá,MARLON,
PTC 201,Dichelacera tetradelta,6E,Perna dianteira,F,25.xi.2019,9:00,"26,9",90,P1 - Argeu,10°28’26.9”S ,63°15’18.1”W,Mata beira do rio,Novembro,Cavalo com puçá,MARLON,
PTC 202,Phaeotabanus nigriflavus,3,Narina,F,25.xi.2019,9:10,"27,4",90,P1 - Argeu,10°28’26.9”S ,63°15’18.1”W,Mata beira do rio,Novembro,Cavalo com puçá,MARLON,sem álcool
PTC 203,Acanthocera fairchildi,13,Dorso,F,25.xi.2019,9:31,"27,9",89,P1 - Argeu,10°28’26.9”S ,63°15’18.1”W,Mata beira do rio,Novembro,Cavalo com puçá,TALLITA,
PTC 204,Acanthocera fairchildi,1E,Orelha,F,25.xi.2019,9:33,28,87,P1 - Argeu,10°28’26.9”S ,63°15’18.1”W,Mata beira do rio,Novembro,Cavalo com puçá,TALLITA,
PTC 205,Stenotabanus incipiens,6E,Perna dianteira,F,25.xi.2019,9:44,"28,2",87,P1 - Argeu,10°28’26.9”S ,63°15’18.1”W,Mata beira do rio,Novembro,Cavalo com puçá,TALLITA,
PTC 206,Acanthocera fairchildi,13,Dorso,F,25.xi.2019,9:50,"28,6",86,P1 - Argeu,10°28’26.9”S ,63°15’18.1”W,Mata beira do rio,Novembro,Cavalo com puçá,TALLITA,
PTC 207,Stypommisa modica,14,Aparelho genital,F,25.xi.2019,10:15,"29,4",79,P1 - Argeu,10°28’26.9”S ,63°15’18.1”W,Mata beira do rio,Novembro,Cavalo com puçá,TALLITA,
PTC 208,Tabanus occidentalis var. dorsovittatus,6E,Perna dianteira,F,25.xi.2019,10:25,"29,6",80,P1 - Argeu,10°28’26.9”S ,63°15’18.1”W,Mata beira do rio,Novembro,Cavalo com puçá,TALLITA,
PTC 209,Stypommisa modica,6E,Perna dianteira,F,25.xi.2019,10:26,"29,6",80,P1 - Argeu,10°28’26.9”S ,63°15’18.1”W,Mata beira do rio,Novembro,Cavalo com puçá,TALLITA,
PTC 210,Tabanus occidentalis var. modestus,6E,Perna dianteira,F,25.xi.2019,10:28,"29,5",80,P1 - Argeu,10°28’26.9”S ,63°15’18.1”W,Mata beira do rio,Novembro,Cavalo com puçá,TALLITA,
PTC 211,Dichelacera tetradelta,17D,Perna traseira,F,25.xi.2019,10:55,"29,9",78,P1 - Argeu,10°28’26.9”S ,63°15’18.1”W,Mata beira do rio,Novembro,Cavalo com puçá,TALLITA,
PTC 212,Dichelacera tetradelta,7E,Perna traseira,F,25.xi.2019,10:57,"29,7",73,P1 - Argeu,10°28’26.9”S ,63°15’18.1”W,Mata beira do rio,Novembro,Cavalo com puçá,TALLITA,sem álcool
PTC 213,Acanthocera fairchildi,13,Dorso,F,25.xi.2019,11:05,"29,9",78,P1 - Argeu,10°28’26.9”S ,63°15’18.1”W,Mata beira do rio,Novembro,Cavalo com puçá,TALLITA,
PTC 214,Acanthocera fairchildi,13,Dorso,F,25.xi.2019,11:18,"30,9",72,P1 - Argeu,10°28’26.9”S ,63°15’18.1”W,Mata beira do rio,Novembro,Cavalo com puçá,TALLITA,
PTC 215,Dichelacera tetradelta,13,Dorso,F,25.xi.2019,11:36,"30,2",73,P1 - Argeu,10°28’26.9”S ,63°15’18.1”W,Mata beira do rio,Novembro,Cavalo com puçá,TALLITA,
PTC 216,Dichelacera tetradelta,6E,Perna dianteira,F,25.xi.2019,11:51,30,80,P1 - Argeu,10°28’26.9”S ,63°15’18.1”W,Mata beira do rio,Novembro,Cavalo com puçá,MARLON,
PTC 217,Tabanus occidentalis var. modestus,7D,Perna traseira,F,25.xi.2019,12:16,"30,1",77,P1 - Argeu,10°28’26.9”S ,63°15’18.1”W,Mata beira do rio,Novembro,Cavalo com puçá,MARLON,
PTC 218,Stenotabanus incipiens,1E,Orelha,F,25.xi.2019,13:32,"31,5",72,P1 - Argeu,10°28’26.9”S ,63°15’18.1”W,Mata beira do rio,Novembro,Cavalo com puçá,TALLITA,
PTC 219,Tabanus occidentalis,8E,Perna traseira,F,25.xi.2019,13:38,"31,5",74,P1 - Argeu,10°28’26.9”S ,63°15’18.1”W,Mata beira do rio,Novembro,Cavalo com puçá,MARLON,
PTC 220,Stenotabanus incipiens,4E,Quartela dianteira,F,25.xi.2019,13:56,"31,2",72,P1 - Argeu,10°28’26.9”S ,63°15’18.1”W,Mata beira do rio,Novembro,Cavalo com puçá,MARLON,
PTC 221,Stenotabanus incipiens,7D,Perna traseira,F,25.xi.2019,14:00,"31,1",73,P1 - Argeu,10°28’26.9”S ,63°15’18.1”W,Mata beira do rio,Novembro,Cavalo com puçá,TALLITA,
PTC 222,Stenotabanus incipiens,7E,Perna traseira,F,25.xi.2019,15:40,"31,6",71,P1 - Argeu,10°28’26.9”S ,63°15’18.1”W,Mata beira do rio,Novembro,Cavalo com puçá,TALLITA,
PTC 223,Catachlorops difficilis,8D,Perna traseira,F,25.xi.2019,15:43,"31,5",72,P1 - Argeu,10°28’26.9”S ,63°15’18.1”W,Mata beira do rio,Novembro,Cavalo com puçá,TALLITA,
PTC 224,Dichelacera tetradelta,8E,Perna traseira,F,25.xi.2019,15:50,"31,5",70,P1 - Argeu,10°28’26.9”S ,63°15’18.1”W,Mata beira do rio,Novembro,Cavalo com puçá,TALLITA,
PTC 225,Dichelacera tetradelta,12,Barriga,F,25.xi.2019,16:35,"30,6",76,P1 - Argeu,10°28’26.9”S ,63°15’18.1”W,Mata beira do rio,Novembro,Cavalo com puçá,MARLON,
PTC 226,Tabanus occidentalis var. modestus,7E,Perna traseira,F,25.xi.2019,16:51,"30,3",80,P1 - Argeu,10°28’26.9”S ,63°15’18.1”W,Mata beira do rio,Novembro,Cavalo com puçá,MARLON,
PTC 227,Dichelacera tetradelta,6D,Perna dianteira,F,25.xi.2019,17:04,"30,3",79,P1 - Argeu,10°28’26.9”S ,63°15’18.1”W,Mata beira do rio,Novembro,Cavalo com puçá,TALLITA,
PTC 228,Catachlorops difficilis,8E,Perna traseira,F,25.xi.2019,17:25,"30,7",79,P1 - Argeu,10°28’26.9”S ,63°15’18.1”W,Mata beira do rio,Novembro,Cavalo com puçá,TALLITA,
PTC 229,Stypommisa apicalis,12,Barriga,F,25.xi.2019,17:26,"30,5",79,P1 - Argeu,10°28’26.9”S ,63°15’18.1”W,Mata beira do rio,Novembro,Cavalo com puçá,MARLON,
PTC 230,Tabanus antarcticus,7D,Perna traseira,F,25.xi.2019,17:47,"29,5",82,P1 - Argeu,10°28’26.9”S ,63°15’18.1”W,Mata beira do rio,Novembro,Cavalo com puçá,TALLITA,
PTC 231,Stypommisa apicalis,8D,Perna traseira,F,25.xi.2019,17:55,"28,7",86,P1 - Argeu,10°28’26.9”S ,63°15’18.1”W,Mata beira do rio,Novembro,Cavalo com puçá,MARLON,
PTC 232,Pityocera cervus,8E,Perna traseira,F,26.xi.2019,6:00,"28,8",90,P1 - Argeu,10°28’26.9”S ,63°15’18.1”W,Mata beira do rio,Novembro,Cavalo com puçá,TALLITA,
PTC 233,Pityocera cervus,6D,Perna dianteira,F,26.xi.2019,6:10,"25,2",91,P1 - Argeu,10°28’26.9”S ,63°15’18.1”W,Mata beira do rio,Novembro,Cavalo com puçá,MARLON,
PTC 234,Dichelacera tetradelta,3,Narina,F,26.xi.2019,8:17,"26,7",95,P1 - Argeu,10°28’26.9”S ,63°15’18.1”W,Mata beira do rio,Novembro,Cavalo com puçá,TALLITA,
PTC 235,Stenotabanus incipiens,7D,Perna traseira,F,26.xi.2019,8:23,"26,7",95,P1 - Argeu,10°28’26.9”S ,63°15’18.1”W,Mata beira do rio,Novembro,Cavalo com puçá,TALLITA,
PTC 236,Tabanus occidentalis var. modestus,7D,Perna traseira,F,26.xi.2019,10:35,"30,2",81,P1 - Argeu,10°28’26.9”S ,63°15’18.1”W,Mata beira do rio,Novembro,Cavalo com puçá,MARLON,
PTC 237,Dichelacera tetradelta,4D,Quartela dianteira,F,26.xi.2019,11:05,"31,3",70,P1 - Argeu,10°28’26.9”S ,63°15’18.1”W,Mata beira do rio,Novembro,Cavalo com puçá,TALLITA,
PTC 238,Tabanus occidentalis var. modestus,7D,Perna traseira,F,26.xi.2019,12:10,32,69,P1 - Argeu,10°28’26.9”S ,63°15’18.1”W,Mata beira do rio,Novembro,Cavalo com puçá,MARLON,
PTC 239,Stenotabanus incipiens,19,Rabo,F,26.xi.2019,14:09,"32,9",64,P1 - Argeu,10°28’26.9”S ,63°15’18.1”W,Mata beira do rio,Novembro,Cavalo com puçá,MARLON,
PTC 240,Tabanus trivittatus,9E,Perna traseira,F,26.xi.2019,15:14,"32,3",66,P1 - Argeu,10°28’26.9”S ,63°15’18.1”W,Mata beira do rio,Novembro,Cavalo com puçá,TALLITA,
PTC 241,Tabanus occidentalis,6E,Perna dianteira,F,26.xi.2019,15:44,"32,2",65,P1 - Argeu,10°28’26.9”S ,63°15’18.1”W,Mata beira do rio,Novembro,Cavalo com puçá,MARLON,
PTC 242,Tabanus occidentalis var. dorsovittatus,7D,Perna traseira,F,26.xi.2019,15:06,"31,9",69,P1 - Argeu,10°28’26.9”S ,63°15’18.1”W,Mata beira do rio,Novembro,Cavalo com puçá,TALLITA,
PTC 243,Dichelacera tetradelta,7E,Perna traseira,F,26.xi.2019,16:06,"31,9",69,P1 - Argeu,10°28’26.9”S ,63°15’18.1”W,Mata beira do rio,Novembro,Cavalo com puçá,TALLITA,
PTC 244,Tabanus occidentalis,6D,Perna dianteira,F,26.xi.2019,16:19,31,73,P1 - Argeu,10°28’26.9”S ,63°15’18.1”W,Mata beira do rio,Novembro,Cavalo com puçá,MARLON,
PTC 245,Tabanus occidentalis,7D,Perna traseira,F,26.xi.2019,17:15,"30,8",80,P1 - Argeu,10°28’26.9”S ,63°15’18.1”W,Mata beira do rio,Novembro,Cavalo com puçá,MARLON,
PTC 246,Tabanus occidentalis,6D,Perna dianteira,F,26.xi.2019,17:18,"30,7",82,P1 - Argeu,10°28’26.9”S ,63°15’18.1”W,Mata beira do rio,Novembro,Cavalo com puçá,TALLITA,
PTC 247,Tabanus occidentalis var. modestus,6D,Perna dianteira,F,26.xi.2019,17:19,"30,7",82,P1 - Argeu,10°28’26.9”S ,63°15’18.1”W,Mata beira do rio,Novembro,Cavalo com puçá,TALLITA,
PTC 248,Tabanus antarcticus,9D,Perna traseira,F,26.xi.2019,17:34,"29,9",83,P1 - Argeu,10°28’26.9”S ,63°15’18.1”W,Mata beira do rio,Novembro,Cavalo com puçá,TALLITA,
PTC 249,Tabanus antarcticus,9E,Perna traseira,F,26.xi.2019,17:53,"29,9",86,P1 - Argeu,10°28’26.9”S ,63°15’18.1”W,Mata beira do rio,Novembro,Cavalo com puçá,TALLITA,
PTC 250,Stypommisa apicalis,7E,Perna traseira,F,26.xi.2019,17:54,"29,2",87,P1 - Argeu,10°28’26.9”S ,63°15’18.1”W,Mata beira do rio,Novembro,Cavalo com puçá,MARLON,
PTC 251,Tabanus rupripes,8D,Perna traseira,F,26.xi.2019,17:57,"29,1",87,P1 - Argeu,10°28’26.9”S ,63°15’18.1”W,Mata beira do rio,Novembro,Cavalo com puçá,MARLON,Alfinetado
PTC 252,Pityocera cervus,9E,Perna traseira,F,2/19/2020,6:25,"26,4",84,P1 - Argeu,10°28’26.9”S ,63°15’18.1”W,Mata beira do rio,Fevereiro,Cavalo com puçá,MARLON,
PTC 253,Pityocera cervus,20,Peito,F,2/19/2020,7:20,"25,8",93,P1 - Argeu,10°28’26.9”S ,63°15’18.1”W,Mata beira do rio,Fevereiro,Cavalo com puçá,CAUÃ,
PTC 254,Pityocera cervus,12E,Barriga,F,2/19/2020,7:28,"25,6",94,P1 - Argeu,10°28’26.9”S ,63°15’18.1”W,Mata beira do rio,Fevereiro,Cavalo com puçá,MARLON,
PTC 255,Pityocera cervus,18E,Perna traseira,F,2/19/2020,7:34,"25,5",96,P1 - Argeu,10°28’26.9”S ,63°15’18.1”W,Mata beira do rio,Fevereiro,Cavalo com puçá,CAUÃ,
PTC 256,Pityocera cervus,18E,Perna traseira,F,2/19/2020,7:35,"25,4",96,P1 - Argeu,10°28’26.9”S ,63°15’18.1”W,Mata beira do rio,Fevereiro,Cavalo com puçá,MARLON,
PTC 257,Pityocera cervus,6D,Perna dianteira,F,2/19/2020,7:38,"25,5",97,P1 - Argeu,10°28’26.9”S ,63°15’18.1”W,Mata beira do rio,Fevereiro,Cavalo com puçá,MARLON,
PTC 258,Pityocera cervus,17E,Perna traseira,F,2/19/2020,7:47,"25,5",96,P1 - Argeu,10°28’26.9”S ,63°15’18.1”W,Mata beira do rio,Fevereiro,Cavalo com puçá,MARLON,
PTC 259,Tabanus rubripes,3,Narina,F,2/19/2020,7:49,"25,6",96,P1 - Argeu,10°28’26.9”S ,63°15’18.1”W,Mata beira do rio,Fevereiro,Cavalo com puçá,MARLON,
PTC 260,Tabanus occidentalis,6E,Perna dianteira,F,2/19/2020,9:49,"28,1",89,P1 - Argeu,10°28’26.9”S ,63°15’18.1”W,Mata beira do rio,Fevereiro,Cavalo com puçá,MARLON,
PTC 261,Tabanus occidentalis,7D,Perna traseira,F,2/19/2020,12:16,"29,9",82,P1 - Argeu,10°28’26.9”S ,63°15’18.1”W,Mata beira do rio,Fevereiro,Cavalo com puçá,MARLON,
PTC 262,Chrysops variegatus,1D,Orelha,F,2/19/2020,15:37,"25,8",99,P1 - Argeu,10°28’26.9”S ,63°15’18.1”W,Mata beira do rio,Fevereiro,Cavalo com puçá,CAUÃ,
PTC 263,Tabanus mucronatus,9D,Perna traseira,F,2/19/2020,17:39,"25,9",99,P1 - Argeu,10°28’26.9”S ,63°15’18.1”W,Mata beira do rio,Fevereiro,Cavalo com puçá,MARLON,Alfinetado
PTC 264,Pityocera cervus,8D,Perna traseira,F,2/19/2020,17:59,"25,9",99,P1 - Argeu,10°28’26.9”S ,63°15’18.1”W,Mata beira do rio,Fevereiro,Cavalo com puçá,MARLON,
PTC 265,Pityocera cervus,7E,Perna traseira,F,2/20/2020,6:25,25,99,P1 - Argeu,10°28’26.9”S ,63°15’18.1”W,Mata beira do rio,Fevereiro,Cavalo com puçá,MARLON,
PTC 266,Pityocera cervus,6D,Perna dianteira,F,2/20/2020,6:49,25,99,P1 - Argeu,10°28’26.9”S ,63°15’18.1”W,Mata beira do rio,Fevereiro,Cavalo com puçá,MARLON,
PTC 267,Pityocera cervus,5E,Quartela traseira,F,2/20/2020,6:50,25,99,P1 - Argeu,10°28’26.9”S ,63°15’18.1”W,Mata beira do rio,Fevereiro,Cavalo com puçá,MARLON,
PTC 268,Pityocera cervus,8E,Perna traseira,F,2/20/2020,7:00,"25,4",99,P1 - Argeu,10°28’26.9”S ,63°15’18.1”W,Mata beira do rio,Fevereiro,Cavalo com puçá,MARLON,
PTC 269,Pityocera cervus,17E,Perna traseira,F,2/20/2020,7:04,"25,4",99,P1 - Argeu,10°28’26.9”S ,63°15’18.1”W,Mata beira do rio,Fevereiro,Cavalo com puçá,MARLON,
PTC 270,Pityocera cervus,16D,Perna traseira,F,2/20/2020,7:05,"25,4",99,P1 - Argeu,10°28’26.9”S ,63°15’18.1”W,Mata beira do rio,Fevereiro,Cavalo com puçá,MARLON,
PTC 271,Pityocera cervus,18D,Perna traseira,F,2/20/2020,7:01,"25,3",99,P1 - Argeu,10°28’26.9”S ,63°15’18.1”W,Mata beira do rio,Fevereiro,Cavalo com puçá,MARLON,
PTC 272,Pityocera cervus,8D,Perna traseira,F,2/20/2020,7:40,"25,4",99,P1 - Argeu,10°28’26.9”S ,63°15’18.1”W,Mata beira do rio,Fevereiro,Cavalo com puçá,MARLON,
PTC 273,Pityocera cervus,4D,Quartela dianteira,F,2/20/2020,7:48,"25,8",99,P1 - Argeu,10°28’26.9”S ,63°15’18.1”W,Mata beira do rio,Fevereiro,Cavalo com puçá,MARLON,
PTC 274,Pityocera cervus,6D,Perna dianteira,F,2/20/2020,7:57,"26,1",99,P1 - Argeu,10°28’26.9”S ,63°15’18.1”W,Mata beira do rio,Fevereiro,Cavalo com puçá,MARLON,
PTC 275,Pityocera cervus,6D,Perna dianteira,F,2/20/2020,8:16,27,94,P1 - Argeu,10°28’26.9”S ,63°15’18.1”W,Mata beira do rio,Fevereiro,Cavalo com puçá,MARLON,
PTC 276,Tabanus occidentalis var. modestus,7D,Perna traseira,F,2/20/2020,8:30,"26,9",93,P1 - Argeu,10°28’26.9”S ,63°15’18.1”W,Mata beira do rio,Fevereiro,Cavalo com puçá,MARLON,
PTC 277,Tabanus occidentalis,6E,Perna dianteira,F,2/20/2020,9:09,"26,9",93,P1 - Argeu,10°28’26.9”S ,63°15’18.1”W,Mata beira do rio,Fevereiro,Cavalo com puçá,MARLON,
PTC 278,Tabanus occidentalis var. dorsovittatus,4D,Quartela dianteira,F,2/20/2020,9:22,"26,7",96,P1 - Argeu,10°28’26.9”S ,63°15’18.1”W,Mata beira do rio,Fevereiro,Cavalo com puçá,MARLON,
PTC 279,Tabanus discus,6D,Perna dianteira,F,2/20/2020,10:02,"26,8",98,P1 - Argeu,10°28’26.9”S ,63°15’18.1”W,Mata beira do rio,Fevereiro,Cavalo com puçá,MARLON,Alfinetado
PTC 280,Pityocera cervus,16D,Perna traseira,F,2/20/2020,10:42,"27,7",97,P1 - Argeu,10°28’26.9”S ,63°15’18.1”W,Mata beira do rio,Fevereiro,Cavalo com puçá,MARLON,
PTC 281,Tabanus occidentalis,6D,Perna dianteira,F,2/20/2020,10:54,28,94,P1 - Argeu,10°28’26.9”S ,63°15’18.1”W,Mata beira do rio,Fevereiro,Cavalo com puçá,CAUÃ,
PTC 282,Poeciloderas quadripunctatus,7D,Perna traseira,F,2/20/2020,11:52,"35,5",61,P1 - Argeu,10°28’26.9”S ,63°15’18.1”W,Mata beira do rio,Fevereiro,Cavalo com puçá,MARLON,
PTC 283,Tabanus occidentalis,7D,Perna traseira,F,2/20/2020,12:46,38,58,P1 - Argeu,10°28’26.9”S ,63°15’18.1”W,Mata beira do rio,Fevereiro,Cavalo com puçá,MARLON,
PTC 284,Tabanus occidentalis var. modestus,6D,Perna dianteira,F,2/20/2020,13:29,31,63,P1 - Argeu,10°28’26.9”S ,63°15’18.1”W,Mata beira do rio,Fevereiro,Cavalo com puçá,MARLON,
PTC 285,Tabanus occidentalis var. modestus,4E,Quartela dianteira,F,2/20/2020,13:58,"30,2",70,P1 - Argeu,10°28’26.9”S ,63°15’18.1”W,Mata beira do rio,Fevereiro,Cavalo com puçá,CAUÃ,
PTC 286,Tabanus discus,4D,Quartela dianteira,F,2/20/2020,14:46,30,83,P1 - Argeu,10°28’26.9”S ,63°15’18.1”W,Mata beira do rio,Fevereiro,Cavalo com puçá,CAUÃ,
PTC 287,Tabanus antarcticus,6E,Perna dianteira,F,2/20/2020,15:36,30,81,P1 - Argeu,10°28’26.9”S ,63°15’18.1”W,Mata beira do rio,Fevereiro,Cavalo com puçá,MARLON,
PTC 288,Leucotabanus exaestuans,2E,Face,F,2/20/2020,15:43,"29,9",81,P1 - Argeu,10°28’26.9”S ,63°15’18.1”W,Mata beira do rio,Fevereiro,Cavalo com puçá,MARLON,
PTC 289,Tabanus occidentalis var. modestus,7E,Perna traseira,F,2/20/2020,15:52,"29,8",82,P1 - Argeu,10°28’26.9”S ,63°15’18.1”W,Mata beira do rio,Fevereiro,Cavalo com puçá,MARLON,
PTC 290,Tabanus occidentalis var. modestus,7D,Perna traseira,F,2/20/2020,15:57,"29,7",84,P1 - Argeu,10°28’26.9”S ,63°15’18.1”W,Mata beira do rio,Fevereiro,Cavalo com puçá,MARLON,
PTC 291,Pityocera cervus,2D,Face,F,2/20/2020,16:09,"29,5",86,P1 - Argeu,10°28’26.9”S ,63°15’18.1”W,Mata beira do rio,Fevereiro,Cavalo com puçá,MARLON,
PTC 292,Tabanus occidentalis,6E,Perna dianteira,F,2/20/2020,16:44,29,87,P1 - Argeu,10°28’26.9”S ,63°15’18.1”W,Mata beira do rio,Fevereiro,Cavalo com puçá,MARLON,
PTC 293,Catachlorops halteratus,6D,Perna dianteira,F,2/20/2020,17:02,"28,5",89,P1 - Argeu,10°28’26.9”S ,63°15’18.1”W,Mata beira do rio,Fevereiro,Cavalo com puçá,CAUÃ,
PTC 294,Tabanus antarcticus,6E,Perna dianteira,F,2/20/2020,17:04,"28,5",89,P1 - Argeu,10°28’26.9”S ,63°15’18.1”W,Mata beira do rio,Fevereiro,Cavalo com puçá,CAUÃ,
PTC 295,Tabanus antarcticus,7D,Perna traseira,F,2/20/2020,17:11,"28,5",89,P1 - Argeu,10°28’26.9”S ,63°15’18.1”W,Mata beira do rio,Fevereiro,Cavalo com puçá,CAUÃ,
PTC 296,Tabanus occidentalis,7E,Perna traseira,F,2/20/2020,17:12,"28,5",90,P1 - Argeu,10°28’26.9”S ,63°15’18.1”W,Mata beira do rio,Fevereiro,Cavalo com puçá,CAUÃ,
PTC 297,Tabanus antarcticus,7D,Perna traseira,F,2/20/2020,17:28,28,89,P1 - Argeu,10°28’26.9”S ,63°15’18.1”W,Mata beira do rio,Fevereiro,Cavalo com puçá,CAUÃ,
PTC 298,Tabanus antarcticus,6D,Perna dianteira,F,2/20/2020,17:28,28,89,P1 - Argeu,10°28’26.9”S ,63°15’18.1”W,Mata beira do rio,Fevereiro,Cavalo com puçá,CAUÃ,
PTC 299,Tabanus antarcticus,7D,Perna traseira,F,2/20/2020,17:46,"27,8",91,P1 - Argeu,10°28’26.9”S ,63°15’18.1”W,Mata beira do rio,Fevereiro,Cavalo com puçá,MARLON,
PTC 300,Tabanus antarcticus,6E,Perna dianteira,F,2/20/2020,17:47,"27,8",91,P1 - Argeu,10°28’26.9”S ,63°15’18.1”W,Mata beira do rio,Fevereiro,Cavalo com puçá,MARLON,
PTC 301,Tabanus antarcticus,12,Barriga,F,2/20/2020,17:48,28,90,P1 - Argeu,10°28’26.9”S ,63°15’18.1”W,Mata beira do rio,Fevereiro,Cavalo com puçá,MARLON,
PTC 302,Leucotabanus albovarius,20,Peito,F,2/20/2020,17:50,28,90,P1 - Argeu,10°28’26.9”S ,63°15’18.1”W,Mata beira do rio,Fevereiro,Cavalo com puçá,MARLON,
PTC 303,Tabanus mucronatus,7E,Perna traseira,F,2/20/2020,17:52,28,90,P1 - Argeu,10°28’26.9”S ,63°15’18.1”W,Mata beira do rio,Fevereiro,Cavalo com puçá,MARLON,
PTC 304,Tabanus antarcticus,4D,Quartela dianteira,F,2/20/2020,17:53,28,90,P1 - Argeu,10°28’26.9”S ,63°15’18.1”W,Mata beira do rio,Fevereiro,Cavalo com puçá,MARLON,
PTC 305,Tabanus antarcticus,9E,Perna traseira,F,2/20/2020,18:00,"27,8",91,P1 - Argeu,10°28’26.9”S ,63°15’18.1”W,Mata beira do rio,Fevereiro,Cavalo com puçá,MARLON,
PTC 306,Tabanus rubripes,6D,Perna dianteira,F,2/25/2020,6:15,"23,3",95,P5-Neucivaldo,10°06’21.4”S ,63°16’55.7”W,Mata beira do rio,Fevereiro,Cavalo com puçá,MARLON,
PTC 307,Tabanus rubripes,7D,Perna traseira,F,2/25/2020,6:19,"23,3",95,P5-Neucivaldo,10°06’21.4”S ,63°16’55.7”W,Mata beira do rio,Fevereiro,Cavalo com puçá,MARLON,
PTC 308,Tabanus rubripes,7D,Perna traseira,F,2/25/2020,6:19,"23,3",95,P5-Neucivaldo,10°06’21.4”S ,63°16’55.7”W,Mata beira do rio,Fevereiro,Cavalo com puçá,MARLON,
PTC 309,Pityocera cervus,9E,Perna traseira,F,2/25/2020,6:21,"23,5",96,P5-Neucivaldo,10°06’21.4”S ,63°16’55.7”W,Mata beira do rio,Fevereiro,Cavalo com puçá,MARLON,
PTC 310,Tabanus rubripes,6E,Perna dianteira,F,2/25/2020,6:32,"23,5",99,P5-Neucivaldo,10°06’21.4”S ,63°16’55.7”W,Mata beira do rio,Fevereiro,Cavalo com puçá,MARLON,
PTC 311,Pityocera cervus,7E,Perna traseira,F,2/25/2020,7:07,"2,5",99,P5-Neucivaldo,10°06’21.4”S ,63°16’55.7”W,Mata beira do rio,Fevereiro,Cavalo com puçá,CAUÃ,
PTC 312,Pityocera cervus,18E,Perna traseira,F,2/25/2020,7:56,"23,6",99,P5-Neucivaldo,10°06’21.4”S ,63°16’55.7”W,Mata beira do rio,Fevereiro,Cavalo com puçá,CAUÃ,
PTC 313,Pityocera cervus,6E,Perna dianteira,F,2/25/2020,8:02,"23,6",99,P5-Neucivaldo,10°06’21.4”S ,63°16’55.7”W,Mata beira do rio,Fevereiro,Cavalo com puçá,CAUÃ,
PTC 314,Pityocera cervus,7E,Perna traseira,F,2/25/2020,8:12,"23,8",99,P5-Neucivaldo,10°06’21.4”S ,63°16’55.7”W,Mata beira do rio,Fevereiro,Cavalo com puçá,MARLON,
PTC 315,Tabanus antarcticus,7D,Perna traseira,F,2/25/2020,8:37,24,99,P5-Neucivaldo,10°06’21.4”S ,63°16’55.7”W,Mata beira do rio,Fevereiro,Cavalo com puçá,CAUÃ,
PTC 316,Pityocera cervus,8D,Perna traseira,F,2/25/2020,9:30,"24,7",99,P5-Neucivaldo,10°06’21.4”S ,63°16’55.7”W,Mata beira do rio,Fevereiro,Cavalo com puçá,MARLON,
PTC 317,Tabanus antarcticus,6E,Perna dianteira,F,2/25/2020,9:57,25,97,P5-Neucivaldo,10°06’21.4”S ,63°16’55.7”W,Mata beira do rio,Fevereiro,Cavalo com puçá,MARLON,
PTC 318,Tabanus occidentalis var. modestus,6D,Perna dianteira,F,2/25/2020,10:40,"25,9",95,P5-Neucivaldo,10°06’21.4”S ,63°16’55.7”W,Mata beira do rio,Fevereiro,Cavalo com puçá,MARLON,
PTC 319,Tabanus antarcticus,6E,Perna dianteira,F,2/25/2020,11:39,"26,7",95,P5-Neucivaldo,10°06’21.4”S ,63°16’55.7”W,Mata beira do rio,Fevereiro,Cavalo com puçá,MARLON,
PTC 320,Chrysops variegatus,1D,Orelha,F,2/25/2020,12:09,27,92,P5-Neucivaldo,10°06’21.4”S ,63°16’55.7”W,Mata beira do rio,Fevereiro,Cavalo com puçá,CAUÃ,
PTC 321,Stenotabanus albilinearis,14,Aparelho genital,F,2/25/2020,12:15,"27,5",93,P5-Neucivaldo,10°06’21.4”S ,63°16’55.7”W,Mata beira do rio,Fevereiro,Cavalo com puçá,CAUÃ,
PTC 322,Tabanus occidentalis var. modestus,7D,Perna traseira,F,2/25/2020,13:40,"27,6",93,P5-Neucivaldo,10°06’21.4”S ,63°16’55.7”W,Mata beira do rio,Fevereiro,Cavalo com puçá,CAUÃ,
PTC 323,Tabanus rubripes,11E,Pescoço,F,2/25/2020,14:09,"27,7",93,P5-Neucivaldo,10°06’21.4”S ,63°16’55.7”W,Mata beira do rio,Fevereiro,Cavalo com puçá,MARLON,
PTC 324,Leucotabanus exaestuans,1D,Orelha,F,2/25/2020,14:39,"28,2",92,P5-Neucivaldo,10°06’21.4”S ,63°16’55.7”W,Mata beira do rio,Fevereiro,Cavalo com puçá,MARLON,
PTC 325,Chrysops variegatus,1D,Orelha,F,2/25/2020,14:48,28,90,P5-Neucivaldo,10°06’21.4”S ,63°16’55.7”W,Mata beira do rio,Fevereiro,Cavalo com puçá,MARLON,
PTC 326,Tabanus occidentalis,3,Narina,F,2/25/2020,15:43,"26,8",99,P5-Neucivaldo,10°06’21.4”S ,63°16’55.7”W,Mata beira do rio,Fevereiro,Cavalo com puçá,MARLON,
PTC 327,Tabanus antarcticus,9D,Perna traseira,F,2/25/2020,16:05,"26,8",99,P5-Neucivaldo,10°06’21.4”S ,63°16’55.7”W,Mata beira do rio,Fevereiro,Cavalo com puçá,MARLON,
PTC 328,Tabanus antarcticus,7E,Perna traseira,F,2/25/2020,16:21,"26,7",99,P5-Neucivaldo,10°06’21.4”S ,63°16’55.7”W,Mata beira do rio,Fevereiro,Cavalo com puçá,CAUÃ,
PTC 329,Tabanus antarcticus,7D,Perna traseira,F,2/25/2020,17:11,"25,4",99,P5-Neucivaldo,10°06’21.4”S ,63°16’55.7”W,Mata beira do rio,Fevereiro,Cavalo com puçá,MARLON,
PTC 330,Tabanus antarcticus,7D,Perna traseira,F,2/25/2020,17:11,"25,4",99,P5-Neucivaldo,10°06’21.4”S ,63°16’55.7”W,Mata beira do rio,Fevereiro,Cavalo com puçá,MARLON,
PTC 331,Tabanus antarcticus,7D,Perna traseira,F,2/25/2020,17:13,"25,4",99,P5-Neucivaldo,10°06’21.4”S ,63°16’55.7”W,Mata beira do rio,Fevereiro,Cavalo com puçá,MARLON,
PTC 332,Tabanus antarcticus,6E,Perna dianteira,F,2/25/2020,17:14,"25,4",99,P5-Neucivaldo,10°06’21.4”S ,63°16’55.7”W,Mata beira do rio,Fevereiro,Cavalo com puçá,MARLON,
PTC 333,Tabanus antarcticus,7E,Perna traseira,F,2/25/2020,17:15,"25,4",99,P5-Neucivaldo,10°06’21.4”S ,63°16’55.7”W,Mata beira do rio,Fevereiro,Cavalo com puçá,MARLON,
PTC 334,Tabanus antarcticus,6E,Perna dianteira,F,2/25/2020,17:15,"25,4",99,P5-Neucivaldo,10°06’21.4”S ,63°16’55.7”W,Mata beira do rio,Fevereiro,Cavalo com puçá,MARLON,
PTC 335,Tabanus antarcticus,6E,Perna dianteira,F,2/25/2020,17:18,"25,4",99,P5-Neucivaldo,10°06’21.4”S ,63°16’55.7”W,Mata beira do rio,Fevereiro,Cavalo com puçá,MARLON,
PTC 336,Pityocera cervus,6E,Perna dianteira,F,2/25/2020,17:19,"25,4",99,P5-Neucivaldo,10°06’21.4”S ,63°16’55.7”W,Mata beira do rio,Fevereiro,Cavalo com puçá,MARLON,
PTC 337,Tabanus antarcticus,12E,Barriga,F,2/25/2020,17:20,"25,4",99,P5-Neucivaldo,10°06’21.4”S ,63°16’55.7”W,Mata beira do rio,Fevereiro,Cavalo com puçá,MARLON,
PTC 338,Tabanus occidentalis,12D,Barriga,F,2/25/2020,17:21,"25,3",99,P5-Neucivaldo,10°06’21.4”S ,63°16’55.7”W,Mata beira do rio,Fevereiro,Cavalo com puçá,MARLON,
PTC 339,Pityocera cervus,12D,Barriga,F,2/25/2020,17:23,"25,3",99,P5-Neucivaldo,10°06’21.4”S ,63°16’55.7”W,Mata beira do rio,Fevereiro,Cavalo com puçá,MARLON,
PTC 340,Tabanus antarcticus,9D,Perna traseira,F,2/25/2020,17:25,"25,3",99,P5-Neucivaldo,10°06’21.4”S ,63°16’55.7”W,Mata beira do rio,Fevereiro,Cavalo com puçá,MARLON,
PTC 341,Tabanus antarcticus,6E,Perna dianteira,F,2/25/2020,17:26,"25,4",99,P5-Neucivaldo,10°06’21.4”S ,63°16’55.7”W,Mata beira do rio,Fevereiro,Cavalo com puçá,MARLON,
PTC 342,Tabanus antarcticus,7E,Perna traseira,F,2/25/2020,17:26,"25,4",99,P5-Neucivaldo,10°06’21.4”S ,63°16’55.7”W,Mata beira do rio,Fevereiro,Cavalo com puçá,MARLON,
PTC 343,Tabanus antarcticus,8E,Perna traseira,F,2/25/2020,17:27,"25,4",99,P5-Neucivaldo,10°06’21.4”S ,63°16’55.7”W,Mata beira do rio,Fevereiro,Cavalo com puçá,MARLON,
PTC 344,Tabanus antarcticus,6E,Perna dianteira,F,2/25/2020,17:27,"25,4",99,P5-Neucivaldo,10°06’21.4”S ,63°16’55.7”W,Mata beira do rio,Fevereiro,Cavalo com puçá,MARLON,
PTC 345,Tabanus antarcticus,8D,Perna traseira,F,2/25/2020,17:31,"25,3",99,P5-Neucivaldo,10°06’21.4”S ,63°16’55.7”W,Mata beira do rio,Fevereiro,Cavalo com puçá,MARLON,
PTC 346,Tabanus antarcticus,8E,Perna traseira,F,2/25/2020,17:33,"25,3",99,P5-Neucivaldo,10°06’21.4”S ,63°16’55.7”W,Mata beira do rio,Fevereiro,Cavalo com puçá,MARLON,
PTC 347,Tabanus antarcticus,8E,Perna traseira,F,2/25/2020,17:33,"25,4",99,P5-Neucivaldo,10°06’21.4”S ,63°16’55.7”W,Mata beira do rio,Fevereiro,Cavalo com puçá,MARLON,
PTC 348,Tabanus antarcticus,20,Peito,F,2/25/2020,17:34,"25,3",99,P5-Neucivaldo,10°06’21.4”S ,63°16’55.7”W,Mata beira do rio,Fevereiro,Cavalo com puçá,MARLON,
PTC 349,Tabanus antarcticus,6E,Perna dianteira,F,2/25/2020,17:35,"25,3",99,P5-Neucivaldo,10°06’21.4”S ,63°16’55.7”W,Mata beira do rio,Fevereiro,Cavalo com puçá,MARLON,
PTC 350,Tabanus antarcticus,8D,Perna traseira,F,2/25/2020,17:36,"25,4",99,P5-Neucivaldo,10°06’21.4”S ,63°16’55.7”W,Mata beira do rio,Fevereiro,Cavalo com puçá,MARLON,
PTC 351,Tabanus antarcticus,9D,Perna traseira,F,2/25/2020,17:36,"25,4",99,P5-Neucivaldo,10°06’21.4”S ,63°16’55.7”W,Mata beira do rio,Fevereiro,Cavalo com puçá,MARLON,
PTC 352,Tabanus antarcticus,7E,Perna traseira,F,2/25/2020,17:41,"25,3",99,P5-Neucivaldo,10°06’21.4”S ,63°16’55.7”W,Mata beira do rio,Fevereiro,Cavalo com puçá,MARLON,
PTC 353,Tabanus antarcticus,8E,Perna traseira,F,2/25/2020,17:42,"25,3",99,P5-Neucivaldo,10°06’21.4”S ,63°16’55.7”W,Mata beira do rio,Fevereiro,Cavalo com puçá,MARLON,
PTC 354,Tabanus antarcticus,11E,Pescoço,F,2/25/2020,17:46,"25,3",99,P5-Neucivaldo,10°06’21.4”S ,63°16’55.7”W,Mata beira do rio,Fevereiro,Cavalo com puçá,MARLON,
PTC 355,Tabanus antarcticus,7D,Perna traseira,F,2/25/2020,17:49,"25,3",99,P5-Neucivaldo,10°06’21.4”S ,63°16’55.7”W,Mata beira do rio,Fevereiro,Cavalo com puçá,MARLON,
PTC 356,Pityocera cervus,12E,Barriga,F,2/25/2020,17:50,"25,3",99,P5-Neucivaldo,10°06’21.4”S ,63°16’55.7”W,Mata beira do rio,Fevereiro,Cavalo com puçá,MARLON,
PTC 357,Tabanus antarcticus,12,Barriga,F,2/25/2020,17:51,"25,3",99,P5-Neucivaldo,10°06’21.4”S ,63°16’55.7”W,Mata beira do rio,Fevereiro,Cavalo com puçá,MARLON,
PTC 358,Pityocera cervus,7E,Perna traseira,F,2/25/2020,17:53,"25,3",99,P5-Neucivaldo,10°06’21.4”S ,63°16’55.7”W,Mata beira do rio,Fevereiro,Cavalo com puçá,MARLON,
PTC 359,Tabanus antarcticus,7E,Perna traseira,F,2/25/2020,17:54,"25,3",99,P5-Neucivaldo,10°06’21.4”S ,63°16’55.7”W,Mata beira do rio,Fevereiro,Cavalo com puçá,MARLON,
PTC 360,Tabanus antarcticus,8D,Perna traseira,F,2/25/2020,17:57,"25,3",99,P5-Neucivaldo,10°06’21.4”S ,63°16’55.7”W,Mata beira do rio,Fevereiro,Cavalo com puçá,MARLON,
PTC 361,Tabanus rubripes,8D,Perna traseira,F,2/25/2020,17:57,"25,3",99,P5-Neucivaldo,10°06’21.4”S ,63°16’55.7”W,Mata beira do rio,Fevereiro,Cavalo com puçá,MARLON,
PTC 362,Tabanus antarcticus,6D,Perna dianteira,F,2/25/2020,18:00,"25,1",99,P5-Neucivaldo,10°06’21.4”S ,63°16’55.7”W,Mata beira do rio,Fevereiro,Cavalo com puçá,MARLON,
PTC 363,Tabanus rubripes,8D,Perna traseira,F,2/26/2020,6:15,23,99,P1 - Argeu,10°28’26.9”S ,63°15’18.1”W,Mata beira do rio,Fevereiro,Cavalo com puçá,CAIO,
PTC 364,Pityocera cervus,12E,Barriga,F,2/26/2020,6:15,23,99,P1 - Argeu,10°28’26.9”S ,63°15’18.1”W,Mata beira do rio,Fevereiro,Cavalo com puçá,CAUÃ,
PTC 365,Pityocera cervus,8D,Perna traseira,F,2/26/2020,6:21,23,99,P1 - Argeu,10°28’26.9”S ,63°15’18.1”W,Mata beira do rio,Fevereiro,Cavalo com puçá,CAIO,
PTC 366,Pityocera cervus,6D,Perna dianteira,F,2/26/2020,6:29,23,99,P1 - Argeu,10°28’26.9”S ,63°15’18.1”W,Mata beira do rio,Fevereiro,Cavalo com puçá,CAIO,
PTC 367,Pityocera cervus,6D,Perna dianteira,F,2/26/2020,6:34,23,99,P1 - Argeu,10°28’26.9”S ,63°15’18.1”W,Mata beira do rio,Fevereiro,Cavalo com puçá,CAUÃ,
PTC 368,Pityocera cervus,6E,Perna dianteira,F,2/26/2020,6:38,"22,9",99,P1 - Argeu,10°28’26.9”S ,63°15’18.1”W,Mata beira do rio,Fevereiro,Cavalo com puçá,CAUÃ,
PTC 369,Tabanus rubripes,6E,Perna dianteira,F,2/26/2020,6:38,"22,9",99,P1 - Argeu,10°28’26.9”S ,63°15’18.1”W,Mata beira do rio,Fevereiro,Cavalo com puçá,CAUÃ,
PTC 370,Pityocera cervus,6D,Perna dianteira,F,2/26/2020,6:49,"22,9",99,P1 - Argeu,10°28’26.9”S ,63°15’18.1”W,Mata beira do rio,Fevereiro,Cavalo com puçá,CAUÃ,
PTC 371,Pityocera cervus,6D,Perna dianteira,F,2/26/2020,6:52,"23,3",99,P1 - Argeu,10°28’26.9”S ,63°15’18.1”W,Mata beira do rio,Fevereiro,Cavalo com puçá,CAUÃ ,
PTC 372,Pityocera cervus,12D,Barriga,F,2/26/2020,6:53,"23,2",99,P1 - Argeu,10°28’26.9”S ,63°15’18.1”W,Mata beira do rio,Fevereiro,Cavalo com puçá,CAUÃ,
PTC 373,Pityocera cervus,7E,Perna traseira,F,2/26/2020,6:55,"23,1",99,P1 - Argeu,10°28’26.9”S ,63°15’18.1”W,Mata beira do rio,Fevereiro,Cavalo com puçá,CAUÃ,
PTC 374,Pityocera cervus,7D,Perna traseira,F,2/26/2020,6:59,23,99,P1 - Argeu,10°28’26.9”S ,63°15’18.1”W,Mata beira do rio,Fevereiro,Cavalo com puçá,CAUÃ,
PTC 375,Pityocera cervus,7D,Perna traseira,F,2/26/2020,7:01,"23,2",99,P1 - Argeu,10°28’26.9”S ,63°15’18.1”W,Mata beira do rio,Fevereiro,Cavalo com puçá,CAUÃ,
PTC 376,Pityocera cervus,7D,Perna traseira,F,2/26/2020,7:04,23,99,P1 - Argeu,10°28’26.9”S ,63°15’18.1”W,Mata beira do rio,Fevereiro,Cavalo com puçá,CAUÃ ,
PTC 377,Pityocera cervus,8D,Perna traseira,F,2/26/2020,7:06,"23,2",99,P1 - Argeu,10°28’26.9”S ,63°15’18.1”W,Mata beira do rio,Fevereiro,Cavalo com puçá,CAUÃ,
PTC 378,Tabanus rubripes,8D,Perna traseira,F,2/26/2020,7:15,"23,2",99,P1 - Argeu,10°28’26.9”S ,63°15’18.1”W,Mata beira do rio,Fevereiro,Cavalo com puçá,CAUÃ,
PTC 379,Pityocera cervus,8D,Perna traseira,F,2/26/2020,7:19,"23,2",99,P1 - Argeu,10°28’26.9”S ,63°15’18.1”W,Mata beira do rio,Fevereiro,Cavalo com puçá,CAUÃ,
PTC 380,Pityocera cervus,7D,Perna traseira,F,2/26/2020,7:32,"23,3",99,P1 - Argeu,10°28’26.9”S ,63°15’18.1”W,Mata beira do rio,Fevereiro,Cavalo com puçá,CAUÃ ,
PTC 381,Pityocera cervus,5E,Quartela traseira,F,2/26/2020,7:44,"23,6",99,P1 - Argeu,10°28’26.9”S ,63°15’18.1”W,Mata beira do rio,Fevereiro,Cavalo com puçá,CAUÃ,
PTC 382,Pityocera cervus,12D,Barriga,F,2/26/2020,7:55,"23,6",99,P1 - Argeu,10°28’26.9”S ,63°15’18.1”W,Mata beira do rio,Fevereiro,Cavalo com puçá,CAUÃ,
PTC 383,Pityocera cervus,8E,Perna traseira,F,2/26/2020,8:20,"23,9",99,P1 - Argeu,10°28’26.9”S ,63°15’18.1”W,Mata beira do rio,Fevereiro,Cavalo com puçá,CAUÃ,
PTC 384,Tabanus rubripes,8D,Perna traseira,F,2/26/2020,8:47,"24,3",99,P1 - Argeu,10°28’26.9”S ,63°15’18.1”W,Mata beira do rio,Fevereiro,Cavalo com puçá,GUSTAVO,
PTC 385,Tabanus rubripes,7D,Perna traseira,F,2/26/2020,12:37,"28,1",94,P1 - Argeu,10°28’26.9”S ,63°15’18.1”W,Mata beira do rio,Fevereiro,Cavalo com puçá,MARLON,
PTC 386,Tabanus occidentalis var. modestus,9D,Perna traseira,F,2/26/2020,13:16,"28,2",92,P1 - Argeu,10°28’26.9”S ,63°15’18.1”W,Mata beira do rio,Fevereiro,Cavalo com puçá,CAUÃ,
PTC 387,Tabanus antarcticus,1D,Orelha,F,2/26/2020,13:31,"28,1",93,P1 - Argeu,10°28’26.9”S ,63°15’18.1”W,Mata beira do rio,Fevereiro,Cavalo com puçá,CAUÃ,
PTC 388,Stenotabanus albilinearis,6D,Perna dianteira,F,2/26/2020,13:32,"28,1",93,P1 - Argeu,10°28’26.9”S ,63°15’18.1”W,Mata beira do rio,Fevereiro,Cavalo com puçá,CAUÃ,
PTC 389,Tabanus antarcticus,6E,Perna dianteira,F,2/26/2020,13:33,28,93,P1 - Argeu,10°28’26.9”S ,63°15’18.1”W,Mata beira do rio,Fevereiro,Cavalo com puçá,CAUÃ,
PTC 390,Tabanus mucronatus,16D,Perna traseira,F,2/26/2020,13:40,28,93,P1 - Argeu,10°28’26.9”S ,63°15’18.1”W,Mata beira do rio,Fevereiro,Cavalo com puçá,CAUÃ,
PTC 391,Diachlorus curvipes,2D,Face,F,2/26/2020,14:19,"28,1",93,P1 - Argeu,10°28’26.9”S ,63°15’18.1”W,Mata beira do rio,Fevereiro,Cavalo com puçá,CAUÃ,
PTC 392,Tabanus occidentalis var. modestus,4D,Quartela dianteira,F,2/26/2020,14:24,"28,1",93,P1 - Argeu,10°28’26.9”S ,63°15’18.1”W,Mata beira do rio,Fevereiro,Cavalo com puçá,CAUÃ,
PTC 393,Pityocera cervus,7D,Perna traseira,F,2/26/2020,14:51,"27,8",94,P1 - Argeu,10°28’26.9”S ,63°15’18.1”W,Mata beira do rio,Fevereiro,Cavalo com puçá,GUSTAVO,
PTC 394,Tabanus discus,10D,Garupa,F,2/26/2020,15:01,"27,8",94,P1 - Argeu,10°28’26.9”S ,63°15’18.1”W,Mata beira do rio,Fevereiro,Cavalo com puçá,GUSTAVO,
PTC 395,Tabanus antarcticus,7D,Perna traseira,F,2/26/2020,15:20,"28,2",93,P1 - Argeu,10°28’26.9”S ,63°15’18.1”W,Mata beira do rio,Fevereiro,Cavalo com puçá,GUSTAVO,
PTC 396,Leucotabanus exaestuans,6E,Perna dianteira,F,2/26/2020,16:35,"28,1",929,P1 - Argeu,10°28’26.9”S ,63°15’18.1”W,Mata beira do rio,Fevereiro,Cavalo com puçá,MARLON,
PTC 397,Tabanus antarcticus,7E,Perna traseira,F,2/26/2020,16:36,"28,1",92,P1 - Argeu,10°28’26.9”S ,63°15’18.1”W,Mata beira do rio,Fevereiro,Cavalo com puçá,MARLON,
PTC 398,Stenotabanus albilinearis,5E,Quartela traseira,F,2/26/2020,16:38,28,93,P1 - Argeu,10°28’26.9”S ,63°15’18.1”W,Mata beira do rio,Fevereiro,Cavalo com puçá,MARLON,
PTC 399,Tabanus antarcticus,8E,Perna traseira,F,2/26/2020,16:38,28,94,P1 - Argeu,10°28’26.9”S ,63°15’18.1”W,Mata beira do rio,Fevereiro,Cavalo com puçá,MARLON,
PTC 400,Tabanus antarcticus,7E,Perna traseira,F,2/26/2020,16:41,"27,9",94,P1 - Argeu,10°28’26.9”S ,63°15’18.1”W,Mata beira do rio,Fevereiro,Cavalo com puçá,MARLON,
PTC 401,Tabanus antarcticus,6E,Perna dianteira,F,2/26/2020,16:41,"27,9",94,P1 - Argeu,10°28’26.9”S ,63°15’18.1”W,Mata beira do rio,Fevereiro,Cavalo com puçá,MARLON,
PTC 402,Tabanus antarcticus,6D,Perna dianteira,F,2/26/2020,16:42,"27,9",94,P1 - Argeu,10°28’26.9”S ,63°15’18.1”W,Mata beira do rio,Fevereiro,Cavalo com puçá,MARLON,
PTC 403,Tabanus antarcticus,7D,Perna traseira,F,2/26/2020,16:43,"27,9",94,P1 - Argeu,10°28’26.9”S ,63°15’18.1”W,Mata beira do rio,Fevereiro,Cavalo com puçá,MARLON,
PTC 404,Tabanus antarcticus,8D,Perna traseira,F,2/26/2020,16:54,28,93,P1 - Argeu,10°28’26.9”S ,63°15’18.1”W,Mata beira do rio,Fevereiro,Cavalo com puçá,MARLON,
PTC 405,Tabanus antarcticus,6E,Perna dianteira,F,2/26/2020,17:01,"27,5",94,P1 - Argeu,10°28’26.9”S ,63°15’18.1”W,Mata beira do rio,Fevereiro,Cavalo com puçá,CAUÃ,
PTC 406,Tabanus antarcticus,7E,Perna traseira,F,2/26/2020,17:09,"27,8",95,P1 - Argeu,10°28’26.9”S ,63°15’18.1”W,Mata beira do rio,Fevereiro,Cavalo com puçá,CAUÃ,
PTC 407,Tabanus antarcticus,7E,Perna traseira,F,2/26/2020,17:11,"27,7",95,P1 - Argeu,10°28’26.9”S ,63°15’18.1”W,Mata beira do rio,Fevereiro,Cavalo com puçá,CAUÃ,
PTC 408,Tabanus antarcticus,8E,Perna traseira,F,2/26/2020,17:12,"27,7",95,P1 - Argeu,10°28’26.9”S ,63°15’18.1”W,Mata beira do rio,Fevereiro,Cavalo com puçá,CAUÃ,
PTC 409,Tabanus antarcticus,8E,Perna traseira,F,2/26/2020,17:13,"27,8",96,P1 - Argeu,10°28’26.9”S ,63°15’18.1”W,Mata beira do rio,Fevereiro,Cavalo com puçá,CAUÃ,
PTC 410,Tabanus antarcticus,8E,Perna traseira,F,2/26/2020,17:13,"27,8",96,P1 - Argeu,10°28’26.9”S ,63°15’18.1”W,Mata beira do rio,Fevereiro,Cavalo com puçá,CAUÃ,
PTC 411,Tabanus antarcticus,7D,Perna traseira,F,2/26/2020,17:14,"27,5",96,P1 - Argeu,10°28’26.9”S ,63°15’18.1”W,Mata beira do rio,Fevereiro,Cavalo com puçá,CAUÃ,
PTC 412,Tabanus antarcticus,8E,Perna traseira,F,2/26/2020,17:15,"27,8",96,P1 - Argeu,10°28’26.9”S ,63°15’18.1”W,Mata beira do rio,Fevereiro,Cavalo com puçá,CAUÃ,
PTC 413,Tabanus antarcticus,7E,Perna traseira,F,2/26/2020,17:16,"27,8",96,P1 - Argeu,10°28’26.9”S ,63°15’18.1”W,Mata beira do rio,Fevereiro,Cavalo com puçá,CAUÃ,
PTC 414,Tabanus antarcticus,7E,Perna traseira,F,2/26/2020,17:18,"27,8",95,P1 - Argeu,10°28’26.9”S ,63°15’18.1”W,Mata beira do rio,Fevereiro,Cavalo com puçá,CAUÃ,
PTC 415,Tabanus antarcticus,7E,Perna traseira,F,2/26/2020,17:18,"27,8",95,P1 - Argeu,10°28’26.9”S ,63°15’18.1”W,Mata beira do rio,Fevereiro,Cavalo com puçá,CAUÃ,
PTC 416,Tabanus antarcticus,6E,Perna dianteira,F,2/26/2020,17:19,"27,8",95,P1 - Argeu,10°28’26.9”S ,63°15’18.1”W,Mata beira do rio,Fevereiro,Cavalo com puçá,CAUÃ,
PTC 417,Tabanus antarcticus,6D,Perna dianteira,F,2/26/2020,17:19,"27,8",95,P1 - Argeu,10°28’26.9”S ,63°15’18.1”W,Mata beira do rio,Fevereiro,Cavalo com puçá,CAUÃ,
PTC 418,Tabanus antarcticus,6E,Perna dianteira,F,2/26/2020,17:21,"27,8",95,P1 - Argeu,10°28’26.9”S ,63°15’18.1”W,Mata beira do rio,Fevereiro,Cavalo com puçá,CAUÃ,
PTC 419,Tabanus antarcticus,6E,Perna dianteira,F,2/26/2020,17:22,"27,7",95,P1 - Argeu,10°28’26.9”S ,63°15’18.1”W,Mata beira do rio,Fevereiro,Cavalo com puçá,CAUÃ,
PTC 420,Tabanus antarcticus,12D,Barriga,F,2/26/2020,17:24,"27,7",95,P1 - Argeu,10°28’26.9”S ,63°15’18.1”W,Mata beira do rio,Fevereiro,Cavalo com puçá,CAUÃ,
PTC 421,Tabanus antarcticus,6D,Perna dianteira,F,2/26/2020,17:25,"27,7",95,P1 - Argeu,10°28’26.9”S ,63°15’18.1”W,Mata beira do rio,Fevereiro,Cavalo com puçá,CAUÃ,
PTC 422,Tabanus antarcticus,7D,Perna traseira,F,2/26/2020,17:26,"27,7",95,P1 - Argeu,10°28’26.9”S ,63°15’18.1”W,Mata beira do rio,Fevereiro,Cavalo com puçá,CAUÃ,
PTC 423,Tabanus antarcticus,6D,Perna dianteira,F,2/26/2020,17:26,"27,7",96,P1 - Argeu,10°28’26.9”S ,63°15’18.1”W,Mata beira do rio,Fevereiro,Cavalo com puçá,CAUÃ,
PTC 424,Tabanus antarcticus,8D,Perna traseira,F,2/26/2020,17:27,"27,7",96,P1 - Argeu,10°28’26.9”S ,63°15’18.1”W,Mata beira do rio,Fevereiro,Cavalo com puçá,CAUÃ,
PTC 425,Tabanus antarcticus,8D,Perna traseira,F,2/26/2020,17:28,"27,7",96,P1 - Argeu,10°28’26.9”S ,63°15’18.1”W,Mata beira do rio,Fevereiro,Cavalo com puçá,CAUÃ,
PTC 426,Tabanus antarcticus,6D,Perna dianteira,F,2/26/2020,17:29,"27,7",96,P1 - Argeu,10°28’26.9”S ,63°15’18.1”W,Mata beira do rio,Fevereiro,Cavalo com puçá,CAUÃ,
PTC 427,Tabanus antarcticus,7D,Perna traseira,F,2/26/2020,17:31,"27,7",96,P1 - Argeu,10°28’26.9”S ,63°15’18.1”W,Mata beira do rio,Fevereiro,Cavalo com puçá,CAUÃ,
PTC 428,Tabanus antarcticus,6D,Perna dianteira,F,2/26/2020,17:31,"27,7",96,P1 - Argeu,10°28’26.9”S ,63°15’18.1”W,Mata beira do rio,Fevereiro,Cavalo com puçá,CAUÃ,
PTC 429,Tabanus antarcticus,6E,Perna dianteira,F,2/26/2020,17:32,"27,7",96,P1 - Argeu,10°28’26.9”S ,63°15’18.1”W,Mata beira do rio,Fevereiro,Cavalo com puçá,CAUÃ,
PTC 430,Tabanus discus,6D,Perna dianteira,F,2/26/2020,17:33,"27,7",96,P1 - Argeu,10°28’26.9”S ,63°15’18.1”W,Mata beira do rio,Fevereiro,Cavalo com puçá,CAUÃ,
PTC 431,Tabanus antarcticus,7D,Perna traseira,F,2/26/2020,17:34,"27,7",96,P1 - Argeu,10°28’26.9”S ,63°15’18.1”W,Mata beira do rio,Fevereiro,Cavalo com puçá,CAUÃ,
PTC 432,Tabanus antarcticus,6D,Perna dianteira,F,2/26/2020,17:34,"27,7",96,P1 - Argeu,10°28’26.9”S ,63°15’18.1”W,Mata beira do rio,Fevereiro,Cavalo com puçá,CAUÃ,
PTC 433,Tabanus antarcticus,7D,Perna traseira,F,2/26/2020,17:35,"27,7",96,P1 - Argeu,10°28’26.9”S ,63°15’18.1”W,Mata beira do rio,Fevereiro,Cavalo com puçá,CAUÃ,
PTC 434,Tabanus antarcticus,6E,Perna dianteira,F,2/26/2020,17:37,"27,6",96,P1 - Argeu,10°28’26.9”S ,63°15’18.1”W,Mata beira do rio,Fevereiro,Cavalo com puçá,CAUÃ,
PTC 435,Tabanus antarcticus,6E,Perna dianteira,F,2/26/2020,17:38,"27,3",93,P1 - Argeu,10°28’26.9”S ,63°15’18.1”W,Mata beira do rio,Fevereiro,Cavalo com puçá,CAUÃ,
PTC 436,Tabanus antarcticus,7D,Perna traseira,F,2/26/2020,17:39,"27,2",91,P1 - Argeu,10°28’26.9”S ,63°15’18.1”W,Mata beira do rio,Fevereiro,Cavalo com puçá,CAUÃ,
PTC 437,Tabanus antarcticus,6E,Perna dianteira,F,2/26/2020,17:40,"27,2",91,P1 - Argeu,10°28’26.9”S ,63°15’18.1”W,Mata beira do rio,Fevereiro,Cavalo com puçá,CAUÃ,
PTC 438,Tabanus antarcticus,7D,Perna traseira,F,2/26/2020,17:41,"27,2",93,P1 - Argeu,10°28’26.9”S ,63°15’18.1”W,Mata beira do rio,Fevereiro,Cavalo com puçá,CAUÃ,
PTC 439,Tabanus antarcticus,7D,Perna traseira,F,2/26/2020,17:42,"27,3",93,P1 - Argeu,10°28’26.9”S ,63°15’18.1”W,Mata beira do rio,Fevereiro,Cavalo com puçá,CAUÃ,
PTC 440,Tabanus antarcticus,6E,Perna dianteira,F,2/26/2020,17:43,"27,3",94,P1 - Argeu,10°28’26.9”S ,63°15’18.1”W,Mata beira do rio,Fevereiro,Cavalo com puçá,CAUÃ,
PTC 441,Tabanus antarcticus,8D,Perna traseira,F,2/26/2020,17:46,"27,3",96,P1 - Argeu,10°28’26.9”S ,63°15’18.1”W,Mata beira do rio,Fevereiro,Cavalo com puçá,MARLON,
PTC 442,Tabanus antarcticus,8D,Perna traseira,F,2/26/2020,17:46,"27,3",96,P1 - Argeu,10°28’26.9”S ,63°15’18.1”W,Mata beira do rio,Fevereiro,Cavalo com puçá,MARLON,
PTC 443,Tabanus antarcticus,7E,Perna traseira,F,2/26/2020,17:47,"27,4",96,P1 - Argeu,10°28’26.9”S ,63°15’18.1”W,Mata beira do rio,Fevereiro,Cavalo com puçá,MARLON,
PTC 444,Tabanus antarcticus,7D,Perna traseira,F,2/26/2020,17:48,"27,4",98,P1 - Argeu,10°28’26.9”S ,63°15’18.1”W,Mata beira do rio,Fevereiro,Cavalo com puçá,MARLON,
PTC 445,Tabanus antarcticus,7D,Perna traseira,F,2/26/2020,17:48,"27,4",98,P1 - Argeu,10°28’26.9”S ,63°15’18.1”W,Mata beira do rio,Fevereiro,Cavalo com puçá,MARLON,
PTC 446,Tabanus antarcticus,9E,Perna traseira,F,2/26/2020,17:50,"27,3",98,P1 - Argeu,10°28’26.9”S ,63°15’18.1”W,Mata beira do rio,Fevereiro,Cavalo com puçá,MARLON,
PTC 447,Tabanus antarcticus,8E,Perna traseira,F,2/26/2020,17:50,"27,3",98,P1 - Argeu,10°28’26.9”S ,63°15’18.1”W,Mata beira do rio,Fevereiro,Cavalo com puçá,MARLON,
PTC 448,Tabanus antarcticus,6E,Perna dianteira,F,2/26/2020,17:53,"27,3",98,P1 - Argeu,10°28’26.9”S ,63°15’18.1”W,Mata beira do rio,Fevereiro,Cavalo com puçá,MARLON,
PTC 449,Tabanus antarcticus,6E,Perna dianteira,F,2/26/2020,17:54,"27,3",98,P1 - Argeu,10°28’26.9”S ,63°15’18.1”W,Mata beira do rio,Fevereiro,Cavalo com puçá,MARLON,
PTC 450,Tabanus antarcticus,8D,Perna traseira,F,5/22/2020,6:15,"25,3",78,P5-Neucivaldo,10°06’21.4”S ,63°16’55.7”W,Mata beira do rio,Maio,Cavalo com puçá,CAUÃ,
PTC 451,Tabanus antarcticus,9E,Perna traseira,F,5/22/2020,6:30,"25,8",78,P5-Neucivaldo,10°06’21.4”S ,63°16’55.7”W,Mata beira do rio,Maio,Cavalo com puçá,CAUÃ,
PTC 452,Tabanus antarcticus,7E,Perna traseira,F,5/22/2020,7:39,"24,4",82,P5-Neucivaldo,10°06’21.4”S ,63°16’55.7”W,Mata beira do rio,Maio,Cavalo com puçá,CAUA,
PTC 453,Tabanus antarcticus,1D,Orelha,F,5/22/2020,11:00,"27,7",77,P5-Neucivaldo,10°06’21.4”S ,63°16’55.7”W,Mata beira do rio,Maio,Cavalo com puçá,MARLON,
PTC 454,Tabanus antarcticus,1D,Orelha,F,5/22/2020,11:07,"27,8",77,P5-Neucivaldo,10°06’21.4”S ,63°16’55.7”W,Mata beira do rio,Maio,Cavalo com puçá,MARLON,
PTC 455,Tabanus antarcticus,1D,Orelha,F,5/22/2020,11:11,"27,9",77,P5-Neucivaldo,10°06’21.4”S ,63°16’55.7”W,Mata beira do rio,Maio,Cavalo com puçá,MARLON,
PTC 456,Tabanus antarcticus,1D,Orelha,F,5/22/2020,11:14,"27,8",77,P5-Neucivaldo,10°06’21.4”S ,63°16’55.7”W,Mata beira do rio,Maio,Cavalo com puçá,CAUÃ,
PTC 457,Tabanus antarcticus,7D,Perna traseira,F,5/22/2020,11:40,"28,2",77,P5-Neucivaldo,10°06’21.4”S ,63°16’55.7”W,Mata beira do rio,Maio,Cavalo com puçá,CAUÃ,
PTC 458,Tabanus antarcticus,6E,Perna dianteira,F,5/22/2020,11:59,"28,3",75,P5-Neucivaldo,10°06’21.4”S ,63°16’55.7”W,Mata beira do rio,Maio,Cavalo com puçá,CAUÃ,
PTC 459,Tabanus antarcticus,12,Barriga,F,5/22/2020,12:22,29,74,P5-Neucivaldo,10°06’21.4”S ,63°16’55.7”W,Mata beira do rio,Maio,Cavalo com puçá,CAUÃ,
PTC 460,Tabanus rubripes,7E,Perna traseira,F,5/22/2020,12:36,"29,3",71,P5-Neucivaldo,10°06’21.4”S ,63°16’55.7”W,Mata beira do rio,Maio,Cavalo com puçá,CAUÃ,
PTC 461,Tabanus rubripes,7E,Perna traseira,F,5/22/2020,12:40,"29,4",71,P5-Neucivaldo,10°06’21.4”S ,63°16’55.7”W,Mata beira do rio,Maio,Cavalo com puçá,CAUÃ,
PTC 462,Tabaus occidentalis var. modestus,8E,Perna traseira,F,5/22/2020,12:56,"29,4",68,P5-Neucivaldo,10°06’21.4”S ,63°16’55.7”W,Mata beira do rio,Maio,Cavalo com puçá,MARLON,
PTC 463,Pityocera pernaquila,1E,Orelha,F,5/22/2020,12:56,"29,5",69,P5-Neucivaldo,10°06’21.4”S ,63°16’55.7”W,Mata beira do rio,Maio,Cavalo com puçá,CAUÃ,
PTC 464,Pityocera pernaquila,1E,Orelha,F,5/22/2020,12:57,"29,3",69,P5-Neucivaldo,10°06’21.4”S ,63°16’55.7”W,Mata beira do rio,Maio,Cavalo com puçá,CAUÃ,
PTC 465,Pityocera pernaquila,1E,Orelha,F,5/22/2020,12:58,"29,3",68,P5-Neucivaldo,10°06’21.4”S ,63°16’55.7”W,Mata beira do rio,Maio,Cavalo com puçá,CAUÃ,
PTC 466,Pityocera pernaquila,13,Dorso,F,5/22/2020,13:02,"29,3",68,P5-Neucivaldo,10°06’21.4”S ,63°16’55.7”W,Mata beira do rio,Maio,Cavalo com puçá,CAUÃ,
PTC 467,Tabanus antarcticus,1D,Orelha,F,5/22/2020,13:05,"29,2",68,P5-Neucivaldo,10°06’21.4”S ,63°16’55.7”W,Mata beira do rio,Maio,Cavalo com puçá,CAUÃ,
PTC 468,Tabanus occidentalis var. modestus,1D,Orelha,F,5/22/2020,13:08,"29,2",68,P5-Neucivaldo,10°06’21.4”S ,63°16’55.7”W,Mata beira do rio,Maio,Cavalo com puçá,MARLON,
PTC 469,Tabanus piceiventris,7E,Perna traseira,F,5/22/2020,13:09,"29,2",69,P5-Neucivaldo,10°06’21.4”S ,63°16’55.7”W,Mata beira do rio,Maio,Cavalo com puçá,MARLON,
PTC 470,Tabanus occidentalis var. ?dorsovittatus,1D,Orelha,F,5/22/2020,13:09,"29,2",68,P5-Neucivaldo,10°06’21.4”S ,63°16’55.7”W,Mata beira do rio,Maio,Cavalo com puçá,MARLON,
PTC 471,Tabanus piceiventris,1D,Orelha,F,5/22/2020,13:12,"29,1",69,P5-Neucivaldo,10°06’21.4”S ,63°16’55.7”W,Mata beira do rio,Maio,Cavalo com puçá,MARLON,
PTC 472,Dichelacera cervicornis,1D,Orelha,F,5/22/2020,13:14,"29,2",70,P5-Neucivaldo,10°06’21.4”S ,63°16’55.7”W,Mata beira do rio,Maio,Cavalo com puçá,CAUÃ ,
PTC 473,Pityocera pernaquila,12,Barriga,F,5/22/2020,15:53,"28,6",74,P5-Neucivaldo,10°06’21.4”S ,63°16’55.7”W,Mata beira do rio,Maio,Cavalo com puçá,MARLON,
PTC 474,Pityocera pernaquila,9D,Perna traseira,F,5/22/2020,16:01,"28,2",76,P5-Neucivaldo,10°06’21.4”S ,63°16’55.7”W,Mata beira do rio,Maio,Cavalo com puçá,MARLON,
PTC 475,Pityocera pernaquila,9D,Perna traseira,F,5/22/2020,16:04,28,75,P5-Neucivaldo,10°06’21.4”S ,63°16’55.7”W,Mata beira do rio,Maio,Cavalo com puçá,CAUÃ,
PTC 476,Pityocera pernaquila,3,Narina,F,5/22/2020,16:07,"27,8",77,P5-Neucivaldo,10°06’21.4”S ,63°16’55.7”W,Mata beira do rio,Maio,Cavalo com puçá,MARLON,
PTC 477,Pityocera pernaquila,12E,Barriga,F,5/22/2020,16:24,"27,9",77,P5-Neucivaldo,10°06’21.4”S ,63°16’55.7”W,Mata beira do rio,Maio,Cavalo com puçá,CAUÃ,
PTC 478,Pityocera pernaquila,8D,Perna traseira,F,5/22/2020,16:42,"27,8",76,P5-Neucivaldo,10°06’21.4”S ,63°16’55.7”W,Mata beira do rio,Maio,Cavalo com puçá,CAUÃ,
PTC 479,Dichelacera cervicornis,8E,Perna traseira,F,5/22/2020,16:43,"27,8",76,P5-Neucivaldo,10°06’21.4”S ,63°16’55.7”W,Mata beira do rio,Maio,Cavalo com puçá,CAUÃ,
PTC 480,Pityocera pernaquila,6E,Perna dianteira,F,5/22/2020,16:48,"27,8",76,P5-Neucivaldo,10°06’21.4”S ,63°16’55.7”W,Mata beira do rio,Maio,Cavalo com puçá,CAUA,
PTC 481,Pityocera pernaquila,6E,Perna dianteira,F,5/22/2020,16:54,"27,8",79,P5-Neucivaldo,10°06’21.4”S ,63°16’55.7”W,Mata beira do rio,Maio,Cavalo com puçá,CAUÃ ,
PTC 482,Chrysops variegatus,7E,Perna traseira,F,5/22/2020,16:55,"27,8",79,P5-Neucivaldo,10°06’21.4”S ,63°16’55.7”W,Mata beira do rio,Maio,Cavalo com puçá,CAUÃ ,
PTC 483,Tabanus mucronatus,6D,Perna dianteira,F,5/22/2020,16:55,"27,8",79,P5-Neucivaldo,10°06’21.4”S ,63°16’55.7”W,Mata beira do rio,Maio,Cavalo com puçá,CAUÃ ,
PTC 484,Tabanus antarcticus,7D,Perna traseira,F,5/22/2020,16:56,"27,7",79,P5-Neucivaldo,10°06’21.4”S ,63°16’55.7”W,Mata beira do rio,Maio,Cavalo com puçá,MARLON,
PTC 485,Tabanus occidentalis,7D,Perna traseira,F,5/22/2020,17:03,"27,5",81,P5-Neucivaldo,10°06’21.4”S ,63°16’55.7”W,Mata beira do rio,Maio,Cavalo com puçá,MARLON,
PTC 486,Pityocera pernaquila,7E,Perna traseira,F,5/22/2020,17:04,"27,5",81,P5-Neucivaldo,10°06’21.4”S ,63°16’55.7”W,Mata beira do rio,Maio,Cavalo com puçá,MARLON,
PTC 487,Tabanus rubripes,6E,Perna dianteira,F,5/22/2020,17:06,"27,5",80,P5-Neucivaldo,10°06’21.4”S ,63°16’55.7”W,Mata beira do rio,Maio,Cavalo com puçá,MARLON,
PTC 488,Tabaus antarcticus,12,Barriga,F,5/22/2020,17:07,"27,5",80,P5-Neucivaldo,10°06’21.4”S ,63°16’55.7”W,Mata beira do rio,Maio,Cavalo com puçá,MARLON,
PTC 489,Tabaus antarcticus,8D,Perna traseira,F,5/22/2020,17:09,"27,5",80,P5-Neucivaldo,10°06’21.4”S ,63°16’55.7”W,Mata beira do rio,Maio,Cavalo com puçá,MARLON,
PTC 490,Tabaus antarcticus,6E,Perna dianteira,F,5/22/2020,17:10,"27,5",80,P5-Neucivaldo,10°06’21.4”S ,63°16’55.7”W,Mata beira do rio,Maio,Cavalo com puçá,MARLON,
PTC 491,Tabaus antarcticus,6E,Perna dianteira,F,5/22/2020,17:11,"27,5",80,P5-Neucivaldo,10°06’21.4”S ,63°16’55.7”W,Mata beira do rio,Maio,Cavalo com puçá,MARLON,
PTC 492,Tabaus antarcticus,6E,Perna dianteira,F,5/22/2020,17:12,"27,5",80,P5-Neucivaldo,10°06’21.4”S ,63°16’55.7”W,Mata beira do rio,Maio,Cavalo com puçá,MARLON,
PTC 493,Tabaus antarcticus,7D,Perna traseira,F,5/22/2020,17:13,"27,4",80,P5-Neucivaldo,10°06’21.4”S ,63°16’55.7”W,Mata beira do rio,Maio,Cavalo com puçá,MARLON,
PTC 494,Tabaus antarcticus,9D,Perna traseira,F,5/22/2020,17:15,"27,4",80,P5-Neucivaldo,10°06’21.4”S ,63°16’55.7”W,Mata beira do rio,Maio,Cavalo com puçá,MARLON,
PTC 495,Tabaus antarcticus,9D,Perna traseira,F,5/22/2020,17:16,"27,5",80,P5-Neucivaldo,10°06’21.4”S ,63°16’55.7”W,Mata beira do rio,Maio,Cavalo com puçá,MARLON,
PTC 496,Tabaus antarcticus,12,Barriga,F,5/22/2020,17:20,"27,4",80,P5-Neucivaldo,10°06’21.4”S ,63°16’55.7”W,Mata beira do rio,Maio,Cavalo com puçá,MARLON,
PTC 497,Tabaus antarcticus,7E,Perna traseira,F,5/22/2020,17:21,"27,5",80,P5-Neucivaldo,10°06’21.4”S ,63°16’55.7”W,Mata beira do rio,Maio,Cavalo com puçá,MARLON,
PTC 498,Tabaus antarcticus,7D,Perna traseira,F,5/22/2020,17:22,"27,5",80,P5-Neucivaldo,10°06’21.4”S ,63°16’55.7”W,Mata beira do rio,Maio,Cavalo com puçá,MARLON,
PTC 499,Tabaus antarcticus,6E,Perna dianteira,F,5/22/2020,17:25,"27,4",80,P5-Neucivaldo,10°06’21.4”S ,63°16’55.7”W,Mata beira do rio,Maio,Cavalo com puçá,MARLON,
PTC 500,Tabaus antarcticus,7E,Perna traseira,F,5/22/2020,17:26,"27,4",80,P5-Neucivaldo,10°06’21.4”S ,63°16’55.7”W,Mata beira do rio,Maio,Cavalo com puçá,MARLON,
PTC 501,Tabaus antarcticus,7E,Perna traseira,F,5/22/2020,17:29,"27,3",80,P5-Neucivaldo,10°06’21.4”S ,63°16’55.7”W,Mata beira do rio,Maio,Cavalo com puçá,MARLON,
PTC 502,Tabaus antarcticus,7E,Perna traseira,F,5/22/2020,17:30,"27,4",80,P5-Neucivaldo,10°06’21.4”S ,63°16’55.7”W,Mata beira do rio,Maio,Cavalo com puçá,MARLON,
PTC 503,Tabaus antarcticus,12,Barriga,F,5/22/2020,17:32,"27,3",80,P5-Neucivaldo,10°06’21.4”S ,63°16’55.7”W,Mata beira do rio,Maio,Cavalo com puçá,MARLON,
PTC 504,Tabaus antarcticus,7E,Perna traseira,F,5/22/2020,17:33,"27,3",80,P5-Neucivaldo,10°06’21.4”S ,63°16’55.7”W,Mata beira do rio,Maio,Cavalo com puçá,MARLON,
PTC 505,Tabaus antarcticus,6E,Perna dianteira,F,5/22/2020,17:34,"27,3",80,P5-Neucivaldo,10°06’21.4”S ,63°16’55.7”W,Mata beira do rio,Maio,Cavalo com puçá,MARLON,
PTC 506,Tabaus antarcticus,6D,Perna dianteira,F,5/22/2020,17:35,"27,3",80,P5-Neucivaldo,10°06’21.4”S ,63°16’55.7”W,Mata beira do rio,Maio,Cavalo com puçá,MARLON,
PTC 507,Tabaus antarcticus,6D,Perna dianteira,F,5/22/2020,17:37,"27,3",80,P5-Neucivaldo,10°06’21.4”S ,63°16’55.7”W,Mata beira do rio,Maio,Cavalo com puçá,MARLON,
PTC 508,Tabaus antarcticus,6D,Perna dianteira,F,5/22/2020,17:38,"27,2",80,P5-Neucivaldo,10°06’21.4”S ,63°16’55.7”W,Mata beira do rio,Maio,Cavalo com puçá,MARLON,
PTC 509,Tabaus antarcticus,7D,Perna traseira,F,5/22/2020,17:40,"27,2",80,P5-Neucivaldo,10°06’21.4”S ,63°16’55.7”W,Mata beira do rio,Maio,Cavalo com puçá,MARLON,
PTC 510,Tabaus antarcticus,5E,Quartela traseira,F,5/22/2020,17:45,"27,2",80,P5-Neucivaldo,10°06’21.4”S ,63°16’55.7”W,Mata beira do rio,Maio,Cavalo com puçá,CAUÃ,
PTC 511,Tabaus antarcticus,7D,Perna traseira,F,5/22/2020,17:47,"27,3",80,P5-Neucivaldo,10°06’21.4”S ,63°16’55.7”W,Mata beira do rio,Maio,Cavalo com puçá,CAUÃ,
PTC 512,Tabaus antarcticus,7D,Perna traseira,F,5/22/2020,17:48,"27,1",80,P5-Neucivaldo,10°06’21.4”S ,63°16’55.7”W,Mata beira do rio,Maio,Cavalo com puçá,CAUÃ,
PTC 513,Tabaus antarcticus,6D,Perna dianteira,F,5/22/2020,17:49,"27,1",80,P5-Neucivaldo,10°06’21.4”S ,63°16’55.7”W,Mata beira do rio,Maio,Cavalo com puçá,CAUÃ,
PTC 514,Tabaus antarcticus,12,Barriga,F,5/22/2020,17:50,"27,1",80,P5-Neucivaldo,10°06’21.4”S ,63°16’55.7”W,Mata beira do rio,Maio,Cavalo com puçá,CAUÃ,
PTC 515,Tabaus antarcticus,7D,Perna traseira,F,5/22/2020,17:56,"27,1",79,P5-Neucivaldo,10°06’21.4”S ,63°16’55.7”W,Mata beira do rio,Maio,Cavalo com puçá,MARLON,
PTC 516,Tabaus antarcticus,7D,Perna traseira,F,5/22/2020,17:58,"27,1",79,P5-Neucivaldo,10°06’21.4”S ,63°16’55.7”W,Mata beira do rio,Maio,Cavalo com puçá,MARLON,
PTC 517,Tabaus antarcticus,3,Narina,F,5/23/2020,6:20,25,80,P5-Neucivaldo,10°06’21.4”S ,63°16’55.7”W,Mata beira do rio,Maio,Cavalo com puçá,CAUÃ,
PTC 518,Tabaus antarcticus,6E,Perna dianteira,F,5/23/2020,6:52,25,83,P5-Neucivaldo,10°06’21.4”S ,63°16’55.7”W,Mata beira do rio,Maio,Cavalo com puçá,CAUÃ,
PTC 519,Tabaus antarcticus,7D,Perna traseira,F,5/23/2020,7:02,25,84,P5-Neucivaldo,10°06’21.4”S ,63°16’55.7”W,Mata beira do rio,Maio,Cavalo com puçá,CAUÃ,
PTC 520,Tabaus antarcticus,7E,Perna traseira,F,5/23/2020,7:11,"25,1",84,P5-Neucivaldo,10°06’21.4”S ,63°16’55.7”W,Mata beira do rio,Maio,Cavalo com puçá,CAUÃ,
PTC 521,Tabaus antarcticus,6E,Perna dianteira,F,5/23/2020,7:31,"22,1",83,P5-Neucivaldo,10°06’21.4”S ,63°16’55.7”W,Mata beira do rio,Maio,Cavalo com puçá,MARLON,
PTC 522,Tabaus antarcticus,6D,Perna dianteira,F,6/4/2020,7:13,"21,9",81,P1 - Argeu,10°28’26.9”S ,63°15’18.1”W,Mata beira do rio,Junho ,Cavalo com puçá,MARLON,
PTC 523,Tabaus antarcticus,6D,Perna dianteira,F,6/4/2020,11:24,"25,4",73,P1 - Argeu,10°28’26.9”S ,63°15’18.1”W,Mata beira do rio,Junho ,Cavalo com puçá,MARLON,
PTC 524,Tabaus antarcticus,7E,Perna traseira,F,6/4/2020,11:49,"25,9",72,P1 - Argeu,10°28’26.9”S ,63°15’18.1”W,Mata beira do rio,Junho ,Cavalo com puçá,MARLON,
PTC 525,Tabaus antarcticus,6,Perna dianteira,F,6/4/2020,16:07,"27,3",76,P1 - Argeu,10°28’26.9”S ,63°15’18.1”W,Mata beira do rio,Junho ,Cavalo com puçá,CAUÃ,
PTC 526,Tabaus antarcticus,1D,Orelha,F,6/4/2020,16:18,"27,5",75,P1 - Argeu,10°28’26.9”S ,63°15’18.1”W,Mata beira do rio,Junho ,Cavalo com puçá,CAUÃ,
PTC 527,Tabanus rubripes,6E,Perna dianteira,F,6/4/2020,16:40,"27,3",77,P1 - Argeu,10°28’26.9”S ,63°15’18.1”W,Mata beira do rio,Junho ,Cavalo com puçá,CAUÃ,
PTC 528,Tabanus antarcticus,1E,Orelha,F,6/4/2020,17:18,"26,7",80,P1 - Argeu,10°28’26.9”S ,63°15’18.1”W,Mata beira do rio,Junho ,Cavalo com puçá,MARLON,
PTC 529,Tabanus antarcticus,1D,Orelha,F,6/4/2020,17:22,"26,5",80,P1 - Argeu,10°28’26.9”S ,63°15’18.1”W,Mata beira do rio,Junho ,Cavalo com puçá,MARLON,
PTC 530,Tabanus antarcticus,7E,Perna traseira,F,6/4/2020,17:33,"26,5",80,P1 - Argeu,10°28’26.9”S ,63°15’18.1”W,Mata beira do rio,Junho ,Cavalo com puçá,MARLON,
PTC 531,Tabanus occidentalis,6D,Perna dianteira,F,6/4/2020,17:41,"26,3",81,P1 - Argeu,10°28’26.9”S ,63°15’18.1”W,Mata beira do rio,Junho ,Cavalo com puçá,MARLON,
PTC 532,Tabanus rubripes,9D,Perna traseira,F,6/4/2020,17:47,"26,2",81,P1 - Argeu,10°28’26.9”S ,63°15’18.1”W,Mata beira do rio,Junho ,Cavalo com puçá,MARLON,
PTC 533,Tabanus occidentalis var. dorsovittatus,1E,Orelha,F,6/5/2020,12:20,27,68,P1 - Argeu,10°28’26.9”S ,63°15’18.1”W,Mata beira do rio,Junho ,Cavalo com puçá,TALLITA,
PTC 534,Tabanus occidentalis var. modestus,7D,Perna traseira,F,6/5/2020,16:30,"27,5",73,P1 - Argeu,10°28’26.9”S ,63°15’18.1”W,Mata beira do rio,Junho ,Cavalo com puçá,TALLITA,
PTC 535,Tabanus occidentalis var. modestus,1E,Orelha,F,6/5/2020,17:05,"27,2",73,P1 - Argeu,10°28’26.9”S ,63°15’18.1”W,Mata beira do rio,Junho ,Cavalo com puçá,TALLITA,
PTC 536,Chrysops variegatus,8D,Perna traseira,F,6/5/2020,17:10,"27,2",73,P1 - Argeu,10°28’26.9”S ,63°15’18.1”W,Mata beira do rio,Junho ,Cavalo com puçá,TALLITA,
PTC 537,Tabanus antarcticus,1D,Orelha,F,6/5/2020,17:39,"26,5",77,P1 - Argeu,10°28’26.9”S ,63°15’18.1”W,Mata beira do rio,Junho ,Cavalo com puçá,TALLITA,
PTC 538,Chrysops variegatus,6E,Perna dianteira,F,6/5/2020,17:40,"26,5",77,P1 - Argeu,10°28’26.9”S ,63°15’18.1”W,Mata beira do rio,Junho ,Cavalo com puçá,TALLITA,
PTC 539,Chrysops variegatus,6D,Perna dianteira,F,6/5/2020,17:41,"26,5",77,P1 - Argeu,10°28’26.9”S ,63°15’18.1”W,Mata beira do rio,Junho ,Cavalo com puçá,TALLITA,
PTC 540,Leucotabanus albovarius,6E,Perna dianteira,F,6/5/2020,17:43,"26,5",77,P1 - Argeu,10°28’26.9”S ,63°15’18.1”W,Mata beira do rio,Junho ,Cavalo com puçá,TALLITA,